"","person_id","income","kids","neigh_id","trees","schools","price","utility","prob","choice"
"1.1",1,61592.8653017168,1,1,22.847578127772,8.37398808691032,2461.19826064878,2.98877354800455,0.291496594631551,0
"1.1.1",1,61592.8653017168,1,2,22.4731103178226,8.20093353476465,1863.26868116633,3.69004994659534,0.587751783629057,1
"1.1.2",1,61592.8653017168,1,3,20.6146129639311,5.59514644879631,1990.20246429328,1.8393824415907,0.092354757111532,0
"1.1.3",1,61592.8653017168,1,4,19.4748672066126,4.8988188490064,2491.02720474965,0.660023963151875,0.0283968646278598,0
"2.2",2,66547.3376577508,0,1,25.628404668196,7.24041630998977,1901.28740884204,1.17251050721103,0.161521882479544,0
"2.2.1",2,66547.3376577508,0,2,33.3117917295898,6.58905643783723,1218.78854881787,2.34891866840665,0.523767974713264,1
"2.2.2",2,66547.3376577508,0,3,9.8578950207928,5.52169133115656,2154.19513593438,-0.626849660357129,0.0267164761977589,0
"2.2.3",2,66547.3376577508,0,4,32.1198043337229,7.12589601927255,1734.05959666662,1.75080836745226,0.287993666609433,0
"3.3",3,93380.6247122369,1,1,42.3667504641657,5.02000521026964,1700.43847819882,3.7410112714034,0.0964101750997124,0
"3.3.1",3,93380.6247122369,1,2,50.3757401824043,7.2418395269893,2426.24504407546,4.78080081819428,0.272707909454406,0
"3.3.2",3,93380.6247122369,1,3,43.0117599220059,6.06260741868712,2734.39940210457,3.3028704861364,0.0622072132459872,0
"3.3.3",3,93380.6247122369,1,4,37.5677476379596,8.43574641128872,1688.06523757894,5.51570809429425,0.568674702199894,1
"4.4",4,71057.6258713686,0,1,12.7326960088567,10.6367337117423,2309.30755450003,0.977305887349918,0.186625255627639,0
"4.4.1",4,71057.6258713686,0,2,23.9849329199322,5.62603113446981,1971.75564848911,0.584476770359625,0.125998941813121,0
"4.4.2",4,71057.6258713686,0,3,26.4795354341738,8.58649625641446,2042.54223776613,1.53101854901904,0.324671949780661,0
"4.4.3",4,71057.6258713686,0,4,37.0352390275689,8.23772459165242,2366.67101043692,1.64178993047843,0.362703852778579,1
"5.5",5,71939.3160274142,0,1,28.9432866599623,6.89470866354196,2064.10235553232,1.16170620427138,0.0974629948082288,0
"5.5.1",5,71939.3160274142,0,2,17.4135137193983,6.31953043891448,1744.59039384177,0.706535563964438,0.0618246483291022,0
"5.5.2",5,71939.3160274142,0,3,46.8443570809412,9.36296156025623,1858.87733757714,3.23905886022066,0.778076945906205,1
"5.5.3",5,71939.3160274142,0,4,39.1139129179596,3.99181327264563,2205.84057658966,0.719564227145715,0.0626354109564643,0
"6.6",6,95725.9748032492,0,1,32.3743027249103,6.0352078126095,1299.21580044203,2.39827589616438,0.338883666322627,1
"6.6.1",6,95725.9748032492,0,2,42.1810861032581,4.84473483451334,2328.57331455454,1.55618849180607,0.145994576964092,0
"6.6.2",6,95725.9748032492,0,3,16.6122571276503,9.09297015841912,1529.85497035033,2.12938511792791,0.258983953209161,0
"6.6.3",6,95725.9748032492,0,4,36.608202977898,6.71394485103271,2006.57931884551,2.11833460945793,0.25613780350412,0
"7.7",7,76913.743089838,1,1,24.7708762368658,6.21299320079549,1942.89230672241,2.82261507854912,0.026126848802608,0
"7.7.1",7,76913.743089838,1,2,36.8374552185071,11.7760667110995,2387.9208458073,6.33668495268843,0.877461736695884,1
"7.7.2",7,76913.743089838,1,3,29.3917804533993,6.92494409816856,2056.65479451699,3.38701388197075,0.0459411981999965,0
"7.7.3",7,76913.743089838,1,4,36.3296071303145,6.33437603220021,2030.58174047156,3.48103498929133,0.0504702163015116,0
"8.8",8,51024.081480902,0,1,43.3551761505939,7.44979787520422,2209.44074265758,1.54471529108759,0.34777748366886,0
"8.8.1",8,51024.081480902,0,2,30.072900903169,4.64736306886755,1751.89563314287,0.588680363879844,0.133690567690957,0
"8.8.2",8,51024.081480902,0,3,40.1755863695209,7.7354539640081,1941.23034318009,1.83920563704971,0.466871101886445,1
"8.8.3",8,51024.081480902,0,4,18.1156596485202,6.85575519838005,2353.27532414233,-0.36214739099909,0.0516608467537381,0
"9.9",9,59697.2072215971,0,1,22.7839555956398,7.70278768379522,2205.04208629396,0.584138011867377,0.138941814860959,0
"9.9.1",9,59697.2072215971,0,2,45.1921771138818,5.52644404609322,1617.35098797424,2.10027523550392,0.632824081380315,1
"9.9.2",9,59697.2072215971,0,3,33.7738797302393,5.46552423677809,2191.38691022326,0.591513019224191,0.139970299647495,0
"9.9.3",9,59697.2072215971,0,4,9.4777717956627,5.95987800508572,1586.72311261888,0.130412868600782,0.0882638041112304,0
"10.10",10,63315.0704485006,0,1,16.3596254791762,5.84801564036083,1820.5067588841,0.247623839997807,0.0338261300141149,0
"10.10.1",10,63315.0704485006,0,2,27.9921898441088,8.94857495002538,2363.2761151571,1.13386158254425,0.0820616934643931,0
"10.10.2",10,63315.0704485006,0,3,38.6577940433449,9.36871834271214,1324.68644736624,3.31943640805352,0.730001179003921,1
"10.10.3",10,63315.0704485006,0,4,28.9811674428478,6.7646620704414,1466.29574273575,1.76406336472829,0.154110997517572,0
"11.11",11,88361.2269615919,0,1,36.2418747202065,6.46159515912298,2390.41180184793,1.44436462480096,0.137705378445466,0
"11.11.1",11,88361.2269615919,0,2,39.5900537778783,6.5064417543675,1755.5621647842,2.36744769229134,0.346609758429678,1
"11.11.2",11,88361.2269615919,0,3,46.7105482886294,7.10385471677952,2373.11210557367,2.28447607486324,0.319011743053685,0
"11.11.3",11,88361.2269615919,0,4,30.5601673327496,7.14535635055158,1949.52493977317,1.80079122228992,0.196673120071171,0
"12.12",12,75397.2074058605,1,1,29.480180938191,7.43505158164836,2128.33270350888,3.57787982101407,0.257112347432322,0
"12.12.1",12,75397.2074058605,1,2,12.4676264085773,5.87998158843062,2243.98366688877,1.47998022327323,0.0315512605166875,0
"12.12.2",12,75397.2074058605,1,3,30.9932759408783,5.72965541676952,1804.63643919199,3.04876240710975,0.15147123289085,0
"12.12.3",12,75397.2074058605,1,4,24.2814994210444,8.79561649561913,1908.62272305602,4.35606264962003,0.559865159160141,1
"13.13",13,76011.5717589108,0,1,20.2599041719591,6.17705895834502,1875.47084910631,0.743345109894328,0.185212271015733,0
"13.13.1",13,76011.5717589108,0,2,28.2009376895246,7.45456854283818,2844.82528280671,0.401172669865764,0.131542519054534,0
"13.13.2",13,76011.5717589108,0,3,40.1494317274366,6.914544199295,2037.84412072927,1.95663826813902,0.623155281950036,1
"13.13.3",13,76011.5717589108,0,4,10.0725151131142,5.563225911774,2141.84012693333,-0.382315228502532,0.060089927979697,0
"14.14",14,71660.2407391768,0,1,25.7272071279457,7.88659286411726,1897.77393771771,1.47401178393036,0.253713290384603,0
"14.14.1",14,71660.2407391768,0,2,31.1663728358271,7.25965731023943,1927.46280720362,1.57417843661443,0.280443282793976,1
"14.14.2",14,71660.2407391768,0,3,21.0679242994505,9.09967503431876,2413.62640065719,0.896335656203541,0.142384155286086,0
"14.14.3",14,71660.2407391768,0,4,33.3390294249922,7.17618937694048,1898.33489913878,1.71688013906277,0.323459271535335,0
"15.15",15,61662.3829786889,0,1,34.1142992061573,6.50268136269872,2006.04089082823,1.2225531963342,0.30140206335357,0
"15.15.1",15,61662.3829786889,0,2,29.6696384072401,7.41744236995805,2113.08864924232,1.08221453251218,0.261937642116681,0
"15.15.2",15,61662.3829786889,0,3,5.34101806239973,5.22161252644699,1870.48287648864,-0.700636596447974,0.0440469160310071,0
"15.15.3",15,61662.3829786889,0,4,55.7145814586664,5.7461589199096,2587.71924685311,1.48693342219445,0.392613378498741,1
"16.16",16,96803.6970520462,0,1,27.947007425318,7.76540987670915,1571.46211633365,2.38475260224783,0.357440032689202,1
"16.16.1",16,96803.6970520462,0,2,36.5119328158767,6.50031864816408,2603.38789395369,1.45421150544702,0.14095300127658,0
"16.16.2",16,96803.6970520462,0,3,32.7376649103655,6.9010585804713,1894.52243333625,2.0795003590407,0.263410951034757,0
"16.16.3",16,96803.6970520462,0,4,40.2467323481835,6.82716743586708,2407.13589405485,1.97887892205335,0.238196014999461,0
"17.17",17,77467.7571734386,1,1,38.1765944637409,6.02423107183821,1400.24677669776,4.18938053033298,0.376464078142518,1
"17.17.1",17,77467.7571734386,1,2,27.9020682877149,3.97196701137637,2286.82418642854,1.25520733895757,0.0200183517701135,0
"17.17.2",17,77467.7571734386,1,3,33.7816777220851,7.52325245526489,2262.92937949306,3.76803401421,0.247021682601049,0
"17.17.3",17,77467.7571734386,1,4,20.5459116887611,8.14245926147029,1618.63490853197,4.13488060160995,0.35649588748632,0
"18.18",18,40500.7426505554,0,1,38.5692301089932,5.06692564697481,1769.50283645311,1.01188761771196,0.204526122773015,0
"18.18.1",18,40500.7426505554,0,2,25.3896166111565,9.22360407768791,2058.05745364107,1.00787186559337,0.203706443478144,0
"18.18.2",18,40500.7426505554,0,3,54.1677335378821,7.57773223553085,2343.1506286391,1.78607583167397,0.443582551573148,1
"18.18.3",18,40500.7426505554,0,4,13.4895110431181,9.01246044249081,1770.2002087914,0.689652608713733,0.148184882175693,0
"19.19",19,80520.3385234553,0,1,25.3601275703399,5.56424429313657,1932.76220028401,0.881623208115408,0.127219328010685,0
"19.19.1",19,80520.3385234553,0,2,38.2537986275924,7.25017193253138,2471.4040804932,1.51745426832417,0.24026528074408,0
"19.19.2",19,80520.3385234553,0,3,35.1013254687866,6.84997906159179,1661.79582774455,2.1755652171842,0.463986101540512,1
"19.19.3",19,80520.3385234553,0,4,24.10518961485,8.15276114782266,2284.33819421506,1.16282017981023,0.168529289704723,0
"20.20",20,62908.128884081,0,1,20.0321925779248,6.13621064813096,2134.63045677047,0.116389914517849,0.124935283401805,0
"20.20.1",20,62908.128884081,0,2,31.444757047107,6.98485349207131,1668.2556414331,1.69509859661029,0.605772529983411,1
"20.20.2",20,62908.128884081,0,3,29.8569258683309,4.33201127688408,1799.63964734787,0.623859269271961,0.207527783107353,0
"20.20.3",20,62908.128884081,0,4,12.0971876273594,5.83356783569425,2234.98325309066,-0.588078752439582,0.0617644035074319,0
"21.21",21,53982.6444101973,0,1,30.3455106713385,7.18755082549766,2074.68782981364,0.947591582092269,0.259330195867657,0
"21.21.1",21,53982.6444101973,0,2,31.9023031569246,5.94051776141766,2427.52948324024,0.151679160250569,0.117001846344879,0
"21.21.2",21,53982.6444101973,0,3,31.7472639698184,6.93464577128278,1819.46481137252,1.32849516612079,0.379557356056256,0
"21.21.3",21,53982.6444101973,0,4,19.4498295739732,6.29811103911217,1485.65369108616,0.887110853225739,0.244110601731208,1
"22.22",22,66730.3762801256,0,1,34.7613327830263,7.91039520424223,2314.34807794348,1.37447555321083,0.160364880082285,0
"22.22.1",22,66730.3762801256,0,2,43.7857013695924,8.75273246312434,1817.41351446976,2.83090166894485,0.688061232766773,1
"22.22.2",22,66730.3762801256,0,3,34.5623640317981,5.76624788078872,2036.10215804677,1.09011052156333,0.120673275103113,0
"22.22.3",22,66730.3762801256,0,4,18.6441152962566,6.53944516210791,2515.71254415554,-0.272200175062002,0.0309006120478283,0
"23.23",23,54609.9332753914,0,1,25.6435453030809,9.15964188755461,1924.87578430664,1.48792709728198,0.499653747583672,0
"23.23.1",23,54609.9332753914,0,2,33.4610361955361,3.70161511872444,2464.86659821909,-0.465524484473834,0.0708428307540194,0
"23.23.2",23,54609.9332753914,0,3,23.5295436868173,6.5202433123889,1670.85810502027,0.938583901163211,0.288464537345093,0
"23.23.3",23,54609.9332753914,0,4,8.42353664984723,10.097056426215,2277.65337083487,0.223047371243222,0.141038884317215,1
"24.24",24,59066.6315606329,0,1,38.8425082002821,10.2903851035964,2074.0397635613,2.49465192153701,0.489397313435759,1
"24.24.1",24,59066.6315606329,0,2,21.7052238837548,7.23489298502522,1778.96853819456,0.965621044178687,0.106074723467161,0
"24.24.2",24,59066.6315606329,0,3,24.2643972923172,5.70458657407954,1615.9973183331,0.889760355146208,0.0983254696778987,0
"24.24.3",24,59066.6315606329,0,4,45.0390060900453,7.24818612923566,2022.99309907835,2.02572388634635,0.306202493419181,0
"25.25",25,60624.4109822611,1,1,22.258550703946,6.02083840607947,2076.54942873622,2.05381308833883,0.0427979059705222,0
"25.25.1",25,60624.4109822611,1,2,38.457315401893,9.17922592343723,2083.2340451104,4.91145475718522,0.745556444023709,1
"25.25.2",25,60624.4109822611,1,3,17.3931712118123,5.79027601644543,2161.05680666946,1.50577022927249,0.0247406172567906,0
"25.25.3",25,60624.4109822611,1,4,26.4545759692602,7.55936739281312,1861.85433020699,3.52792455446522,0.186905032748978,0
"26.26",26,44699.6003388638,0,1,29.2644398086352,7.92977511185304,1846.51888334313,1.2671477164238,0.444773229948237,1
"26.26.1",26,44699.6003388638,0,2,18.3134857557564,5.86373475895623,2071.08136373829,-0.358468062160619,0.087527127866374,0
"26.26.2",26,44699.6003388638,0,3,23.6525173509109,8.27728702225927,1837.52324851349,1.04865619892469,0.357477720230055,0
"26.26.3",26,44699.6003388638,0,4,29.7115844707169,5.87810504362554,2365.76829411292,-0.127921034483139,0.110221921955334,0
"27.27",27,82566.8056674179,0,1,36.7069596873393,7.94535974448097,2052.24076253184,2.17601362174816,0.272360167756173,0
"27.27.1",27,82566.8056674179,0,2,13.4945345657489,8.64499244965533,1815.41950517106,1.2712646933824,0.110208762511846,0
"27.27.2",27,82566.8056674179,0,3,26.5024576078873,5.51733561642519,1457.9321107744,1.53325189251798,0.143217378774457,0
"27.27.3",27,82566.8056674179,0,4,37.5640643854548,8.6619925614694,1806.89566823119,2.73054633010717,0.474213690957524,1
"28.28",28,72300.5967675477,0,1,24.6119084002241,6.26570069318138,2613.80565563985,0.0186104880596896,0.0567996616696711,0
"28.28.1",28,72300.5967675477,0,2,32.2729192167294,7.44153008265545,1831.77127366068,1.82967319275222,0.347440377200337,0
"28.28.2",28,72300.5967675477,0,3,34.9222857006443,7.30275620843315,1749.20020824414,2.05244577730002,0.434139390338585,1
"28.28.3",28,72300.5967675477,0,4,32.6783501533168,6.3592054204927,2195.88425083335,1.06433155135722,0.161620570791408,0
"29.29",29,52927.9459448208,0,1,36.5325767947138,7.40215430499668,2132.38793745288,1.27645415914501,0.496461288601188,0
"29.29.1",29,52927.9459448208,0,2,28.7729133902262,5.15435361186424,2225.48871697738,-0.000391081852045172,0.138470910471515,0
"29.29.2",29,52927.9459448208,0,3,25.8632348640788,6.79579469172255,1916.6074744534,0.771738518507786,0.299702366712675,1
"29.29.3",29,52927.9459448208,0,4,3.56851047971021,8.23868624749776,2336.7962648779,-0.751057762808697,0.0653654342146217,0
"30.30",30,88807.2238160489,1,1,29.0705898152053,3.73881302615603,1648.2173419406,2.15482458455686,0.152972758085286,0
"30.30.1",30,88807.2238160489,1,2,34.3028469635999,4.76811071896262,1985.3369696079,2.71148595608021,0.266912589682217,1
"30.30.2",30,88807.2238160489,1,3,35.3539884086815,5.25709366360454,1788.75789883461,3.2865259357597,0.474357475422682,0
"30.30.3",30,88807.2238160489,1,4,24.4472164868675,4.61636545878186,2204.22759140516,1.78571041218513,0.105757176809815,0
"31.31",31,76396.9633221522,1,1,47.7950290977515,7.62937455894454,2039.00202842064,4.92505805618099,0.72406823291175,1
"31.31.1",31,76396.9633221522,1,2,32.8642441962882,5.51060747536598,2332.91242453104,2.39466853724172,0.0576561035350957,0
"31.31.2",31,76396.9633221522,1,3,31.2631585845889,3.75317937200654,2617.5502606944,0.89232552949205,0.0128347085369678,0
"31.31.3",31,76396.9633221522,1,4,42.7226677946852,6.04364685237933,2042.1966595175,3.66533109301151,0.205440955016187,0
"32.32",32,65573.9277551159,0,1,22.8153377868074,6.41404712278779,1839.61500434049,0.820212209282314,0.09888761176333,0
"32.32.1",32,65573.9277551159,0,2,25.4966137607529,8.28517821066717,1752.94498204439,1.65893520086926,0.228767673446778,1
"32.32.2",32,65573.9277551159,0,3,53.9745248004976,5.34437179600176,1921.08980533081,2.25933745722729,0.417009589734126,0
"32.32.3",32,65573.9277551159,0,4,30.1112918722089,8.74193388360804,1979.11944909189,1.76880513696613,0.255335125055767,0
"33.33",33,83426.8849156753,0,1,46.3356842140831,7.59754407344291,2597.54057441617,2.03137031170166,0.237000528290336,0
"33.33.1",33,83426.8849156753,0,2,15.6149335508548,7.54352823645332,1661.26713717867,1.26336363230593,0.109953295669723,0
"33.33.2",33,83426.8849156753,0,3,28.094831979571,5.72121149452825,1672.03476904254,1.45291035156686,0.132900723556322,0
"33.33.3",33,83426.8849156753,0,4,33.7842390363683,9.93050181984706,1877.60999290467,2.81741643027268,0.520145452483619,1
"34.34",34,83172.0023129956,1,1,33.000385452058,6.75359375185427,2176.26783904949,3.48968923756828,0.388172837758565,0
"34.34.1",34,83172.0023129956,1,2,19.9436374048916,4.2626536237325,2246.33355792122,1.12986390144239,0.0366577682085821,0
"34.34.2",34,83172.0023129956,1,3,30.1925927462537,6.69421529291126,1727.61959022745,3.80974136561082,0.534591458718382,1
"34.34.3",34,83172.0023129956,1,4,19.2257934688802,4.09833389390192,2038.11158190488,1.23146299270757,0.0405779353144717,0
"35.35",35,82323.7162245623,0,1,37.1270332524428,6.53423482631999,1987.13210663073,1.84950922625096,0.213954443736192,0
"35.35.1",35,82323.7162245623,0,2,40.8477508986065,6.36665949521557,2358.56194112773,1.58539485962012,0.16429256082022,0
"35.35.2",35,82323.7162245623,0,3,7.75012303512587,8.02274453560512,2326.75767095062,0.133788783154475,0.038476307779815,0
"35.35.3",35,82323.7162245623,0,4,42.3569346230014,8.51424427860624,1906.31579166964,2.8524077803008,0.583276687663773,1
"36.36",36,80329.6038115014,0,1,17.5895550319151,5.91084255264827,2013.79812999858,0.418705867103513,0.0441361773584208,0
"36.36.1",36,80329.6038115014,0,2,34.5476926898263,8.20916330256254,2195.81678402046,1.9078679071475,0.195672400429432,0
"36.36.2",36,80329.6038115014,0,3,36.5990263814261,9.13648466450315,1503.95220902091,3.13710141521551,0.668927271877981,1
"36.36.3",36,80329.6038115014,0,4,28.0011017189857,5.82378399273603,1906.91871035599,1.14518412528433,0.0912641503341661,0
"37.37",37,78308.7648030638,0,1,23.5488604314021,6.021393450251,2172.46186520074,0.575653983014241,0.0703092990784856,0
"37.37.1",37,78308.7648030638,0,2,31.6532102124205,7.97616754473052,1843.03035368596,2.04923647370948,0.306889134770699,0
"37.37.2",37,78308.7648030638,0,3,34.3881870071445,7.2745719549159,1982.02453959554,1.83371266276324,0.247389185624332,0
"37.37.3",37,78308.7648030638,0,4,38.833028199487,7.82316244066643,1993.69773936989,2.25077501903654,0.375412380526483,1
"38.38",38,69071.3243413492,0,1,9.47663016098047,9.10702644182134,1782.90403570511,0.966373099991897,0.0876365861020002,0
"38.38.1",38,69071.3243413492,0,2,13.6362073194098,7.58062467936459,1701.65604914648,0.864404113561153,0.0791408814606282,0
"38.38.2",38,69071.3243413492,0,3,44.3040234118818,8.57755190526306,1940.03982950056,2.69143852027639,0.491894361284464,1
"38.38.3",38,69071.3243413492,0,4,40.4662884711155,7.93435819350579,1895.89165315787,2.32601893291616,0.341328171152908,0
"39.39",39,65410.5600439012,0,1,34.3528894890768,7.65043058471328,2250.22851969844,1.32773258236406,0.211158973449994,1
"39.39.1",39,65410.5600439012,0,2,37.1517840711106,7.57912665727662,2458.96466374848,1.19333827179218,0.184604734279724,0
"39.39.2",39,65410.5600439012,0,3,39.17174917641,8.93698495668712,1996.42328619001,2.34442551755447,0.583651590772846,0
"39.39.3",39,65410.5600439012,0,4,3.39077201534319,5.49661018943402,2119.60159774746,-1.00033054195804,0.0205847014974359,0
"40.40",40,64292.9349848143,0,1,41.1027709663882,5.34222590626376,1978.87540582828,1.38336029630551,0.323663689179731,0
"40.40.1",40,64292.9349848143,0,2,25.1501240343768,7.88791900509581,2180.40795316434,0.916415504994339,0.202909524795779,1
"40.40.2",40,64292.9349848143,0,3,32.306168306312,6.82046550380033,2065.54863868364,1.18141431550013,0.264478245303759,0
"40.40.3",40,64292.9349848143,0,4,27.0484219911642,7.11100781752744,2070.97865055806,0.945743320964639,0.208948540720731,0
"41.41",41,59579.3953161923,0,1,38.7196495407874,8.1119160657571,2333.8745382848,1.47951305295343,0.33104850826916,0
"41.41.1",41,59579.3953161923,0,2,26.5152755104439,8.12994257177361,1703.77365518136,1.63745003310963,0.387688388861666,1
"41.41.2",41,59579.3953161923,0,3,35.1850376588825,6.60599424495733,2434.35920393765,0.674558618674975,0.148014535388076,0
"41.41.3",41,59579.3953161923,0,4,26.0931502136102,6.53118419650435,2104.73372365395,0.56946445002902,0.133248567481098,0
"42.42",42,66881.240829706,0,1,19.0721279089849,7.1103979135118,2054.24660321366,0.542859460096703,0.0441523132073106,0
"42.42.1",42,66881.240829706,0,2,42.1001051044026,8.59452668394212,1831.92744466083,2.66572522821423,0.368894644890547,0
"42.42.2",42,66881.240829706,0,3,37.4090001127427,7.63903073001851,1950.83672252524,1.93931958730608,0.178413777831922,0
"42.42.3",42,66881.240829706,0,4,47.2426223915645,9.14951126623479,2112.10544132913,2.76780216749871,0.408539264070221,1
"43.43",43,51019.054726476,1,1,30.651539325793,6.98854469437004,1380.88572278047,3.97496257322412,0.153519447993344,0
"43.43.1",43,51019.054726476,1,2,41.2500274582817,8.68850140783113,1819.54341534857,4.97732951234712,0.418298040980926,1
"43.43.2",43,51019.054726476,1,3,49.7541905401908,8.32450346652587,2175.79748369174,4.73842985388546,0.329407154298077,0
"43.43.3",43,51019.054726476,1,4,27.1851788496103,7.9181251913501,1911.65546409447,3.53398346500577,0.098775356727653,0
"44.44",44,102534.339480078,0,1,16.7704888724478,7.6220510601677,1759.84173635472,1.57760327795378,0.15835256805426,0
"44.44.1",44,102534.339480078,0,2,27.6064843286188,6.58017640428622,1809.2916406595,1.86700393270247,0.211499925276736,0
"44.44.2",44,102534.339480078,0,3,27.8595876001462,6.83644373624615,2070.72470972421,1.70426286100067,0.179735005319968,0
"44.44.3",44,102534.339480078,0,4,31.5168050450932,7.3440932435627,1509.55028454575,2.62294312006152,0.450412501349037,1
"45.45",45,88119.4299745749,1,1,47.1230497731928,7.07333333601893,2261.36877217466,4.54135071531696,0.254356974219494,0
"45.45.1",45,88119.4299745749,1,2,26.7385610749465,8.41483670257933,1349.31959766922,5.1435892287073,0.464507267532447,1
"45.45.2",45,88119.4299745749,1,3,33.7300465580492,6.83602431522035,1848.99814330533,4.05674772012563,0.156669062030492,0
"45.45.3",45,88119.4299745749,1,4,27.7231593510447,6.89443461761826,1763.84525630795,3.82665020450988,0.124466696217568,0
"46.46",46,53153.3712519498,1,1,30.2045070852503,6.2735213686515,1625.41993713547,3.1895088656238,0.233588962407721,1
"46.46.1",46,53153.3712519498,1,2,33.1405766350626,6.79249550718501,1676.62779796611,3.60186050444885,0.352804697409178,0
"46.46.2",46,53153.3712519498,1,3,43.2821469603699,6.89685153654423,2075.02320608168,3.68793811567808,0.384518633698075,0
"46.46.3",46,53153.3712519498,1,4,31.2131837749078,3.52939633915088,1964.06779063524,1.10626149311083,0.0290877064850254,0
"47.47",47,63956.7274705139,1,1,37.1284232003111,4.95275245417852,1909.74421026414,2.60127834394005,0.0729780755684387,0
"47.47.1",47,63956.7274705139,1,2,37.7886002978353,6.89126963507206,1303.77086732544,4.62838524471776,0.554056109407485,1
"47.47.2",47,63956.7274705139,1,3,39.1477327085563,6.60207433770325,1602.70378655126,4.129737884957,0.336506882603192,0
"47.47.3",47,63956.7274705139,1,4,24.2560544781562,5.19869600768885,1960.60786626119,1.90730577057042,0.0364589324208844,0
"48.48",48,63000.1696956517,0,1,46.2688121419468,4.01269273593547,1736.58945409608,1.60081194410261,0.191577520461719,0
"48.48.1",48,63000.1696956517,0,2,26.1904326070599,6.46844617012986,1760.9693209067,1.09943482610874,0.116037732142222,0
"48.48.2",48,63000.1696956517,0,3,28.9421583235025,7.98024364854141,2314.86221389931,0.959245289151038,0.100859239689633,0
"48.48.3",48,63000.1696956517,0,4,44.0405026771417,9.65985794789135,2052.6765045552,2.72822421705805,0.591525507706426,1
"49.49",49,81699.4767750448,0,1,42.9408390614558,6.94231480943599,1686.84661350837,2.66359641673531,0.555488217871614,1
"49.49.1",49,81699.4767750448,0,2,19.1000812758876,9.23977726094157,1859.39119549934,1.71826854176126,0.215836143290763,0
"49.49.2",49,81699.4767750448,0,3,21.2692899958254,7.12453323645395,1914.52895553474,1.14861959899484,0.12210368748124,0
"49.49.3",49,81699.4767750448,0,4,16.4192094062939,7.17329815638934,1795.91144562947,1.01256937445791,0.106571951356383,0
"50.50",50,68749.4640029226,0,1,31.8184719261983,7.48723797002312,1710.78391685163,1.90986664595927,0.344733209205013,0
"50.50.1",50,68749.4640029226,0,2,31.6484086791847,5.69413413210862,1984.45877539988,1.00253198103028,0.139133811997265,0
"50.50.2",50,68749.4640029226,0,3,33.6411468735506,6.92242268065768,2222.35841585593,1.17833828402327,0.165876319812086,0
"50.50.3",50,68749.4640029226,0,4,35.5215771421856,8.36267154818838,2068.05560107019,1.92576203186544,0.350256658985636,1
"51.51",51,73799.7777099213,0,1,23.9810715401498,5.87541131972172,1939.95589618527,0.753259035010204,0.144714131374612,0
"51.51.1",51,73799.7777099213,0,2,20.0630140890129,6.51759089516806,2116.34607343065,0.488224664794361,0.111021726729903,0
"51.51.2",51,73799.7777099213,0,3,40.267850560749,5.27834387431112,2238.17551011545,1.17499172693048,0.220631299576249,0
"51.51.3",51,73799.7777099213,0,4,37.5106130260632,7.53152829467403,1957.84581252549,2.03928950246184,0.523632842319237,1
"52.52",52,69571.7986697695,0,1,14.908334626713,7.63719967358353,2136.74155968376,0.398746396306793,0.131337957601412,0
"52.52.1",52,69571.7986697695,0,2,29.0485254915071,7.97252102683612,1656.32812787421,1.97434885222825,0.634842087011422,0
"52.52.2",52,69571.7986697695,0,3,21.040521772435,5.17028495272465,1925.10479354934,0.302637236215044,0.119302784611098,1
"52.52.3",52,69571.7986697695,0,4,9.29248929458036,7.16085255213215,1873.91051735179,0.261697340994511,0.114517170776068,0
"53.53",53,69356.9431406303,0,1,31.5012013118814,5.58391346252523,2058.69935106801,0.875698353691197,0.146332604501708,0
"53.53.1",53,69356.9431406303,0,2,29.2078829074141,6.99942302692596,2107.1958541529,1.09939480464339,0.183016917645847,0
"53.53.2",53,69356.9431406303,0,3,29.0263073248692,9.01393588000912,1962.9146063008,1.88134755828446,0.400026721394021,1
"53.53.3",53,69356.9431406303,0,4,32.1615254180123,6.24471206959859,1770.13573316306,1.49054571359608,0.270623756458424,0
"54.54",54,90529.0342602169,0,1,38.8246516439659,8.07502498140824,1721.08573496458,2.86789741778505,0.60139001129938,1
"54.54.1",54,90529.0342602169,0,2,32.0559750448339,5.87549712387446,2083.55618318062,1.40511856439357,0.139277007251098,0
"54.54.2",54,90529.0342602169,0,3,23.8356415712647,6.28220768432454,2407.05105568263,0.67977876306783,0.0674323590038158,0
"54.54.3",54,90529.0342602169,0,4,22.6520074807872,7.65808262587993,1763.85932152109,1.72563140305088,0.191900622445706,0
"55.55",55,66613.435215111,0,1,28.6819720695882,5.9813315943132,1884.56039831084,1.001567425866,0.228841851958603,0
"55.55.1",55,66613.435215111,0,2,33.1001698657895,4.44555274728185,2099.20416807558,0.519619688514697,0.141327999268393,0
"55.55.2",55,66613.435215111,0,3,19.6031964729796,8.89775265281999,1833.61386498115,1.39972303830698,0.340762847894437,0
"55.55.3",55,66613.435215111,0,4,28.1569113115762,7.54053585681977,2036.47169444614,1.23519579970218,0.289067300878567,1
"56.56",56,92747.0590664431,1,1,39.6726726016791,6.12454083915987,1985.72116490649,3.92534051149437,0.0605929768939511,0
"56.56.1",56,92747.0590664431,1,2,28.9171990876551,4.0088818190041,1767.12452283,2.24506801596851,0.0112898771635789,0
"56.56.2",56,92747.0590664431,1,3,23.0157933240561,9.85331465709896,2249.43237534149,4.88035401683742,0.157463313167535,0
"56.56.3",56,92747.0590664431,1,4,27.2405483157446,12.0855562319073,2253.89235116689,6.46840080598608,0.770653832774934,1
"57.57",57,46768.7079365467,1,1,41.1464854536198,7.31122061103318,2307.24185199716,3.3201049929931,0.124163720536847,0
"57.57.1",57,46768.7079365467,1,2,35.5004396121414,8.27470997126678,2380.39897585471,3.44733625252116,0.141010207472242,0
"57.57.2",57,46768.7079365467,1,3,42.3667580008161,8.83684046811124,1848.09146362323,5.01225533269145,0.674351414373375,1
"57.57.3",57,46768.7079365467,1,4,31.3909785716177,5.94729334969209,1860.65543104751,2.6007283662694,0.0604746576175353,0
"58.58",58,78769.206244541,1,1,34.1027509649043,6.47320565566519,2078.36540014752,3.41046957955571,0.255877496415952,0
"58.58.1",58,78769.206244541,1,2,24.4154308765187,4.40931844503221,2189.02429296549,1.45674539374856,0.0362694073973116,0
"58.58.2",58,78769.206244541,1,3,36.0537066893033,5.89513265159219,1898.11215313253,3.39920556270212,0.253011459829114,0
"58.58.3",58,78769.206244541,1,4,24.9366645781076,7.93361467432917,1872.99655747986,3.98572008563871,0.454841636357622,1
"59.59",59,71857.8136576692,0,1,15.7943449530426,6.56392601613869,1814.5185417336,0.591674771059743,0.0484799120602257,0
"59.59.1",59,71857.8136576692,0,2,31.2799296568413,6.67868269872538,2444.66056721802,0.747759089546091,0.0566693696135097,0
"59.59.2",59,71857.8136576692,0,3,49.4585121773144,6.83116067274623,1247.55009438756,3.4182209657987,0.818681993854902,1
"59.59.3",59,71857.8136576692,0,4,38.0091433957306,4.20449952625659,1949.72658986484,1.04347618167025,0.0761687244713623,0
"60.60",60,73239.1235311596,0,1,41.6525338994626,8.2564449013475,2011.46386311606,2.42633628163209,0.486507494669233,1
"60.60.1",60,73239.1235311596,0,2,33.5885572309315,4.83476066659687,1682.11711910193,1.33347523042894,0.163104525428585,0
"60.60.2",60,73239.1235311596,0,3,23.9144282168378,6.68714475637653,2115.62776844619,0.759220817822662,0.0918481658948605,0
"60.60.3",60,73239.1235311596,0,4,27.9775914488972,6.34215480691175,1409.87369485697,1.79413367630304,0.258539814007321,0
"61.61",61,75694.5922413982,1,1,27.2675189318807,6.6721092747157,2286.49065833358,2.79708516453838,0.0603888930454494,0
"61.61.1",61,75694.5922413982,1,2,25.3130022021791,9.18994891710368,1500.99182453882,5.1669354744767,0.645906985417094,1
"61.61.2",61,75694.5922413982,1,3,37.0416728392972,6.12691012312695,1339.17953597089,4.23397386142563,0.25409136191977,0
"61.61.3",61,75694.5922413982,1,4,18.0263649763459,5.82535360643216,1770.93085226239,2.3754312454124,0.0396127596176864,0
"62.62",62,62465.1482033605,0,1,38.6636613211277,4.72051900758423,2048.6241181737,0.918403236742526,0.187973167171538,0
"62.62.1",62,62465.1482033605,0,2,38.6415248622589,5.79145287758313,1804.52985057075,1.57406989940187,0.362116465322108,0
"62.62.2",62,62465.1482033605,0,3,18.0137764093125,5.25072293894839,1832.21390141671,0.136110792332363,0.0859707206238391,0
"62.62.3",62,62465.1482033605,0,4,36.3949199790053,7.61191929437244,2099.96149251733,1.57909206053184,0.363939646882515,1
"63.63",63,65001.8892449587,0,1,54.3022665234451,5.70549363098818,1682.32972355346,2.69867073723547,0.661563554183634,0
"63.63.1",63,65001.8892449587,0,2,24.4278451805839,7.4560630525422,1974.24513627186,1.0372959909574,0.125616210290082,0
"63.63.2",63,65001.8892449587,0,3,38.4490424140807,6.78035876822812,2149.37989787882,1.43942792022824,0.187797309037214,1
"63.63.3",63,65001.8892449587,0,4,22.177981543806,4.84965673013379,2490.19689701258,-0.576142853379152,0.02502292648907,0
"64.64",64,54721.3692533937,0,1,41.107114182028,5.81408832141595,2143.83556437206,1.09611839396796,0.176403326937107,0
"64.64.1",64,54721.3692533937,0,2,32.4982471992656,8.32766868258652,2514.42889765003,0.795267563128943,0.130571657116633,0
"64.64.2",64,54721.3692533937,0,3,46.5191539162316,8.35461412893185,2135.94801005891,2.19445745118048,0.529065403750351,1
"64.64.3",64,54721.3692533937,0,4,15.4102927146308,10.0083599114509,1999.02766195239,1.0229655207828,0.163959612195909,0
"65.65",65,53923.1316028663,0,1,29.4870211387464,6.99462953740033,1323.03954312518,1.93495539729187,0.570188076905948,0
"65.65.1",65,53923.1316028663,0,2,24.730748238744,4.75625977902679,1632.60243442081,0.525868318455396,0.139334732692188,0
"65.65.2",65,53923.1316028663,0,3,28.027351309237,5.84737445947726,1904.31121287853,0.654095232088964,0.158397247238604,1
"65.65.3",65,53923.1316028663,0,4,23.70421257314,7.61273275726022,2213.68113675613,0.472396500695032,0.13207994316326,0
"66.66",66,74552.9296210639,0,1,21.66156419465,9.85020450234208,1903.24592804655,1.86718894354083,0.202853238494688,0
"66.66.1",66,74552.9296210639,0,2,35.7872237461645,7.16501368515958,2163.09458637645,1.58319874218312,0.152702647980725,0
"66.66.2",66,74552.9296210639,0,3,19.1241928592307,8.7105802376927,1680.85659444838,1.65204028785501,0.163585223438975,0
"66.66.3",66,74552.9296210639,0,4,44.8403093155628,8.15212195703839,1917.76108479483,2.73028004830286,0.480858890085612,1
"67.67",67,76723.1466794414,0,1,18.1379341468625,5.247862566824,2065.10180974315,0.116842289941691,0.0413841673514571,0
"67.67.1",67,76723.1466794414,0,2,31.0107915139528,6.74333102160271,1892.18428455032,1.55102155229823,0.17365622715343,0
"67.67.2",67,76723.1466794414,0,3,35.3298928682648,8.95789230452152,2033.84950849494,2.29989558810413,0.367216530239077,0
"67.67.3",67,76723.1466794414,0,4,35.8673533909263,8.31414416439387,1798.77559218402,2.42881050443103,0.417743075256037,1
"68.68",68,70795.0634009576,0,1,26.9825333613362,7.6956942123517,2112.30356697785,1.19845978089264,0.212999330921003,0
"68.68.1",68,70795.0634009576,0,2,30.795019953284,7.71567136806532,1975.68353224662,1.60972195237967,0.321356531234633,0
"68.68.2",68,70795.0634009576,0,3,39.6126415180968,6.2628920496859,1985.88519600406,1.68976439756476,0.348136150789124,1
"68.68.3",68,70795.0634009576,0,4,15.4353408292357,5.0209220299837,1415.36387406616,0.603677062616325,0.11750798705524,0
"69.69",69,83834.0120181961,0,1,22.1826028846792,8.94313868624696,1797.89942561638,1.9253501482684,0.203710430321243,1
"69.69.1",69,83834.0120181961,0,2,33.2040231431661,4.86967076249961,1553.10677453053,1.64896078829414,0.154517933845879,0
"69.69.2",69,83834.0120181961,0,3,25.5521802166301,5.59165612044126,1518.28458271391,1.44689736324516,0.126247812493955,0
"69.69.3",69,83834.0120181961,0,4,43.70003993971,7.94344748877976,1851.83506974643,2.85383413845206,0.515523823338923,0
"70.70",70,100751.270284407,1,1,36.7325386335484,5.1067081759156,1951.76048967632,3.33087973046768,0.183788881326467,0
"70.70.1",70,100751.270284407,1,2,30.7216675241476,6.17219438009081,2085.08006774019,3.47720119871818,0.212748173668579,0
"70.70.2",70,100751.270284407,1,3,14.9224268246332,5.22580073982628,2327.3787950901,1.72093216357677,0.0367390472738598,0
"70.70.3",70,100751.270284407,1,4,30.2610022532624,7.93099533659343,2133.32008907678,4.45696424797555,0.566723897731094,1
"71.71",71,62634.532509152,0,1,26.8358413180301,7.66946952495714,2303.62110222754,0.746611440276257,0.172213960273117,0
"71.71.1",71,62634.532509152,0,2,28.976534864794,7.63282703991053,1842.10691370964,1.49802143016232,0.365091369153759,1
"71.71.2",71,62634.532509152,0,3,18.1844077294431,7.66369715821846,1907.64794804336,0.769724089322789,0.176240635411746,0
"71.71.3",71,62634.532509152,0,4,34.9865804382992,7.83586861956841,2325.55066532788,1.25545186900431,0.286454035161377,0
"72.72",72,35362.4668653878,1,1,19.6104355969297,7.95903473795578,2000.36215518143,2.65870007254017,0.28152274144762,0
"72.72.1",72,35362.4668653878,1,2,27.7377801855759,4.04700766498867,1495.92658529499,1.62961478259325,0.100597553777183,0
"72.72.2",72,35362.4668653878,1,3,33.8142582945135,6.7767754579602,1746.03334427236,3.22029454672914,0.493640591672676,1
"72.72.3",72,35362.4668653878,1,4,22.1648421098695,7.16869571882785,2302.27761794982,1.84069488178599,0.124239113102522,0
"73.73",73,85086.0778669338,0,1,35.8299140568006,8.08701430397164,1816.77882269676,2.48816733295574,0.642208429668409,1
"73.73.1",73,85086.0778669338,0,2,16.8348959834831,5.21877088599207,2100.03323983314,0.162494462816249,0.062755111801447,0
"73.73.2",73,85086.0778669338,0,3,1.90225321039458,6.25059971527613,2004.26680870419,-0.313866492686713,0.0389733890881303,0
"73.73.3",73,85086.0778669338,0,4,34.6496799078585,5.38953551387326,1851.0927177951,1.56867820429557,0.256063069442014,0
"74.74",74,59361.9885612641,1,1,38.40539826961,8.58586031906452,1894.76408227809,4.791081560844,0.505016395856171,1
"74.74.1",74,59361.9885612641,1,2,27.1415457640862,8.918608874814,2117.51616435743,4.00162544528749,0.229323754502159,0
"74.74.2",74,59361.9885612641,1,3,35.0412625459161,8.18151508803885,2062.87364866767,4.11020032759836,0.255624523450909,0
"74.74.3",74,59361.9885612641,1,4,18.4408347491633,5.16639492613451,2370.40104196975,0.872602152081174,0.0100353261907598,0
"75.75",75,59679.8707529896,0,1,28.7285139317434,7.67792817510498,1940.05406466952,1.30480291742995,0.212646327719065,0
"75.75.1",75,59679.8707529896,0,2,10.5848162395938,8.72567377957138,1723.037587392,0.835022538644025,0.132933629005705,0
"75.75.2",75,59679.8707529896,0,3,41.8118089143852,7.25191147110469,2049.77093047383,1.80804075728599,0.351731532301305,1
"75.75.3",75,59679.8707529896,0,4,48.5991086154316,6.15083600065604,2211.60036597325,1.65787682516169,0.302688510973926,0
"76.76",76,85383.5705454505,0,1,40.7401226028199,5.37082263908297,2684.5900867181,0.978672845007008,0.169467813109178,0
"76.76.1",76,85383.5705454505,0,2,29.7265303358626,6.00204580665977,1860.89509606888,1.45131404714073,0.271864618900929,0
"76.76.2",76,85383.5705454505,0,3,29.6666965772408,8.07227253392401,1902.09392842752,2.02157140917625,0.480852985432887,1
"76.76.3",76,85383.5705454505,0,4,14.839323768489,6.35250834942711,2264.74796311938,0.200338679465396,0.0778145825570069,0
"77.77",77,65728.4048942349,0,1,37.9038534388823,7.34142240991013,2384.38583795134,1.27510503121275,0.222073631754155,0
"77.77.1",77,65728.4048942349,0,2,27.8926581930822,8.94241869350546,1802.39544301851,1.936179988182,0.430128481575007,1
"77.77.2",77,65728.4048942349,0,3,23.4325707463892,7.86750241070418,2199.37113648332,0.813074260742656,0.139907044045402,0
"77.77.3",77,65728.4048942349,0,4,15.8797420734169,9.04700917221031,1830.4527457873,1.20910917664223,0.207890842625436,0
"78.78",78,51689.234316182,0,1,27.0023750335373,4.44763029600939,1711.34651892733,0.416320465090567,0.259516390452881,0
"78.78.1",78,51689.234316182,0,2,21.5093886498329,6.57898558042931,2187.00827057008,0.0206902814678602,0.174720871173602,0
"78.78.2",78,51689.234316182,0,3,26.0296947967216,7.09760202923829,2031.94933166032,0.677462684482139,0.336959276455136,1
"78.78.3",78,51689.234316182,0,4,17.824000122364,7.86788393741277,2116.79926344267,0.290363992964434,0.228803461918381,0
"79.79",79,72719.5521962373,0,1,46.875894829457,5.24619006770655,1825.84895098341,2.06246198904739,0.430301601725357,1
"79.79.1",79,72719.5521962373,0,2,29.8399747279203,8.20927728317093,2538.49338677803,1.02217591846652,0.152048612927022,0
"79.79.2",79,72719.5521962373,0,3,40.7494507727239,7.4610851142435,2199.58640271431,1.88364915743103,0.359845053036849,0
"79.79.3",79,72719.5521962373,0,4,3.98300329742348,7.39570902040708,1887.67927230439,0.0550462730796935,0.057804732310772,0
"80.80",80,67916.6295634143,1,1,25.4680217000516,7.76272718740757,2210.82467930314,3.26558586358022,0.16134882209008,0
"80.80.1",80,67916.6295634143,1,2,23.2451770840793,6.82546234018451,1635.6456848319,3.32957208022892,0.172010381883497,0
"80.80.2",80,67916.6295634143,1,3,17.7707382063409,8.38831914774867,1958.67496191523,3.51215187543451,0.206465768768673,0
"80.80.3",80,67916.6295634143,1,4,45.4660915422409,7.97234466059723,2421.00736960416,4.3136241566015,0.46017502725775,1
"81.81",81,70086.4627884983,0,1,15.8471808023051,6.77468593874845,1943.3482065187,0.458564234338123,0.0571129237335743,0
"81.81.1",81,70086.4627884983,0,2,33.1839026040803,8.56056552901105,2273.14711159866,1.60607799624922,0.179925736013171,0
"81.81.2",81,70086.4627884983,0,3,38.4643628557969,7.43883802741927,1933.42339994303,2.02773445143273,0.274294032748493,0
"81.81.3",81,70086.4627884983,0,4,31.7819018841802,8.0031270991592,1310.59207990813,2.60521571337613,0.488667307504761,1
"82.82",82,75779.206016895,1,1,21.2474452250448,6.10873353756367,1735.93623633017,2.78369306023112,0.0519907170294164,0
"82.82.1",82,75779.206016895,1,2,39.4116580672417,9.37064775547888,2066.82070671049,5.41966704523883,0.72562922063589,1
"82.82.2",82,75779.206016895,1,3,31.7058808184084,6.99401658347502,2433.9658132802,3.07527114065551,0.0695915578276962,0
"82.82.3",82,75779.206016895,1,4,19.3650209361796,8.27176415334021,1821.97936249975,3.8616825178694,0.152788504506997,0
"83.83",83,64440.0995231139,0,1,16.1195095239794,6.84982521116096,2082.79370341477,0.198685063299145,0.056375383288906,0
"83.83.1",83,64440.0995231139,0,2,50.8671743449315,6.5805551395291,1710.55421315613,2.70737141359698,0.6927844743636,1
"83.83.2",83,64440.0995231139,0,3,23.2149685458156,8.17665736792001,1695.06312759986,1.54806943433018,0.217330006960959,0
"83.83.3",83,64440.0995231139,0,4,11.4442834608196,4.62307503311324,1766.80500697495,-0.321499591492741,0.033510135386535,0
"84.84",84,79665.6482277825,0,1,35.3325936275365,7.71754922169105,2410.71862020007,1.5342977594896,0.430803764676151,1
"84.84.1",84,79665.6482277825,0,2,33.102302560609,7.59034955949222,2282.09302697327,1.51710117063694,0.423458745106175,0
"84.84.2",84,79665.6482277825,0,3,16.461656642774,2.95700594631323,2178.09954719531,-0.746200788610673,0.0440424585616291,0
"84.84.3",84,79665.6482277825,0,4,10.5704358641805,7.55256599279989,2334.63876603094,0.0906235243645623,0.101695031656045,0
"85.85",85,66692.7015727187,1,1,28.8369748284139,3.74737337897949,1872.67250097995,1.48223339764556,0.0364614891654457,0
"85.85.1",85,66692.7015727187,1,2,41.3939629170942,7.98970656533908,2227.87308106794,4.3075442974688,0.614966326133712,1
"85.85.2",85,66692.7015727187,1,3,36.3612403518215,6.31912939992821,2062.88878336146,3.22317075440764,0.207928437285949,0
"85.85.3",85,66692.7015727187,1,4,25.0706257583802,5.95759476214766,1685.26972255615,2.83220686443886,0.140643747414892,0
"86.86",86,74976.7294587355,0,1,21.6581176841562,6.989730545241,1750.68133331548,1.20764716495525,0.141147172967104,1
"86.86.1",86,74976.7294587355,0,2,32.7106675675055,9.05957806747598,2015.01587957574,2.1612747197217,0.366291945484486,0
"86.86.2",86,74976.7294587355,0,3,31.5735334721616,6.04701538417316,2061.68901844896,1.13092558432665,0.130723126099894,0
"86.86.3",86,74976.7294587355,0,4,36.2971174669273,7.83715494092317,1903.59247440171,2.14903996101819,0.361837755448516,0
"87.87",87,86452.5851972402,0,1,26.042020497111,7.51173680263282,1701.05262686404,1.88454098837795,0.32621860146471,0
"87.87.1",87,86452.5851972402,0,2,38.993540532031,5.23072205628766,1372.73241785325,2.35012687617637,0.519649009053472,1
"87.87.2",87,86452.5851972402,0,3,21.6918847266375,4.38846697399905,2127.57064383233,0.202251711623922,0.0606596320539222,0
"87.87.3",87,86452.5851972402,0,4,26.6945529988004,4.01112134314129,1911.41848725887,0.634643304525941,0.0934727574278962,0
"88.88",88,76527.722362507,0,1,37.408145237259,7.82691131720183,2164.74826495438,1.9196981215388,0.221167598506997,0
"88.88.1",88,76527.722362507,0,2,39.8997160862711,6.94788690770305,1536.23245602495,2.58152783422678,0.428697049471239,1
"88.88.2",88,76527.722362507,0,3,10.6149529854662,9.77585755541593,1623.99921940627,1.56446562073673,0.155040795271251,0
"88.88.3",88,76527.722362507,0,4,31.0719040701615,7.86051266239457,1966.60043759841,1.7942616905964,0.195094556750513,0
"89.89",89,65111.0262170316,0,1,36.0877901173463,8.27454383662391,1576.15593931049,2.52156998627273,0.554117055276092,1
"89.89.1",89,65111.0262170316,0,2,15.4917568650937,9.00157537800243,1405.11384478379,1.73463437959509,0.252254966757858,0
"89.89.2",89,65111.0262170316,0,3,34.8062559987522,6.24892135305254,2235.07862235007,0.948177148910375,0.114890915598009,0
"89.89.3",89,65111.0262170316,0,4,21.718257296032,7.76514689234273,2270.26080192486,0.570308007551309,0.07873706236804,0
"90.90",90,87232.1142767664,1,1,40.2025301216443,8.30318990536623,1691.01090739865,5.48714850289567,0.337131743824111,1
"90.90.1",90,87232.1142767664,1,2,35.3848203210264,9.05402753200454,1918.38281943002,5.39218599291532,0.306589977032532,0
"90.90.2",90,87232.1142767664,1,3,37.6905229499561,8.14397671948955,1659.80812844862,5.27608687517721,0.27298371938902,0
"90.90.3",90,87232.1142767664,1,4,31.2071932928703,7.631720759556,2094.9280750259,4.08905795567668,0.083294559754337,0
"91.91",91,84902.5578394318,1,1,38.6364843415775,5.69766392909317,1991.0965096994,3.44508626433819,0.0487887946650214,0
"91.91.1",91,84902.5578394318,1,2,43.8051452831454,8.09434054143654,1739.16186471219,5.48318222053487,0.374501805922868,0
"91.91.2",91,84902.5578394318,1,3,49.6624801545563,7.75039880862743,1767.73473683114,5.59537062817334,0.418964014844554,1
"91.91.3",91,84902.5578394318,1,4,29.7160494525093,7.95137538056037,1681.37564197154,4.6185678384667,0.157745384567556,0
"92.92",92,78225.954392621,0,1,7.50948909667596,7.63546756835838,2130.91227865776,0.146311526242131,0.0730345532075175,0
"92.92.1",92,78225.954392621,0,2,30.3152600459399,6.69724293293499,2171.30265434423,1.18400539806152,0.206154632951433,0
"92.92.2",92,78225.954392621,0,3,32.0556120844997,6.88470115234898,2112.94246832477,1.4157315457392,0.259914486871534,1
"92.92.3",92,78225.954392621,0,4,28.446546528556,8.03104616992228,1747.13309077521,1.98855199590783,0.460896326969515,0
"93.93",93,73580.9760266716,0,1,35.6828862077707,7.25744726038681,1464.14911152942,2.46724433427264,0.57732742592522,1
"93.93.1",93,73580.9760266716,0,2,40.1067796451426,5.75483713850952,2159.26269894634,1.4031390912333,0.199199000014714,0
"93.93.2",93,73580.9760266716,0,3,24.8201756983218,6.5647613202915,1946.8823157817,0.997409316466193,0.132764190438059,0
"93.93.3",93,73580.9760266716,0,4,27.0590467284389,5.02131141373524,1988.18229500855,0.616495575666574,0.0907093836220075,0
"94.94",94,60581.4088594094,1,1,33.9784220880034,5.54945214599663,2309.63839546202,2.1483113014829,0.234537943989737,0
"94.94.1",94,60581.4088594094,1,2,24.4977625851086,6.78308339479672,1731.94524967952,3.12506212555498,0.62288892161483,1
"94.94.2",94,60581.4088594094,1,3,30.9126738348824,4.30280116543761,2343.2045977055,1.16957829169295,0.0881362905873116,0
"94.94.3",94,60581.4088594094,1,4,10.382924011147,4.46718628811263,1876.04255143612,0.687735119126169,0.0544368438081214,0
"95.95",95,90409.7867279501,0,1,18.8010027860238,8.65384779915413,1786.0436534732,1.76688545793448,0.45456155102418,1
"95.95.1",95,90409.7867279501,0,2,16.7224452439587,6.13507161368284,1938.27615685473,0.719707224643986,0.159517733354956,0
"95.95.2",95,90409.7867279501,0,3,21.4637630327276,4.22246240567277,2117.00591865285,0.234533202431903,0.0981975312222545,0
"95.95.3",95,90409.7867279501,0,4,23.0669547206933,6.83070514085654,1937.83530642328,1.3095509803282,0.28772318439861,0
"96.96",96,60996.1061927931,1,1,33.8230514254637,8.98160390083227,1729.84783383564,5.01378958005602,0.416387708373614,0
"96.96.1",96,60996.1061927931,1,2,39.8211300252264,7.99338144540196,1915.51271636277,4.52265940663832,0.254801967164,0
"96.96.2",96,60996.1061927931,1,3,22.7261647091246,7.66207479753046,1237.42066965861,4.24075184746508,0.192208185661448,0
"96.96.3",96,60996.1061927931,1,4,20.03161017622,8.77561886841976,1847.44649543827,3.89924536696108,0.136602138800938,1
"97.97",97,102809.994895249,0,1,19.5831114101049,5.84274783834866,2136.78986526171,0.851064856985228,0.10435219122134,0
"97.97.1",97,102809.994895249,0,2,25.8541127363633,8.09453378702806,1949.22206764037,2.08515787324759,0.358477052537308,1
"97.97.2",97,102809.994895249,0,3,27.6097093184744,6.11937157633171,2206.49831667837,1.34789820539202,0.171503723969233,0
"97.97.3",97,102809.994895249,0,4,34.8361753383827,7.00114627954377,2145.79473019234,2.10501639635467,0.365667032272119,0
"98.98",98,92989.1593927778,0,1,26.7867515783161,10.3216979790102,2193.69402390668,2.35622407306909,0.315809296704084,0
"98.98.1",98,92989.1593927778,0,2,9.21510731139977,8.45415159356389,2196.81348350764,0.738323341478822,0.0626295873850419,0
"98.98.2",98,92989.1593927778,0,3,29.0856572444986,8.15201157057582,1478.42577158772,2.60866705991283,0.406499023517344,1
"98.98.3",98,92989.1593927778,0,4,41.8718681065156,5.33750813227276,2001.24790400553,1.97201232136203,0.215062092393531,0
"99.99",99,66464.4946134928,0,1,41.9160126851033,5.82064612000793,2489.02020038205,0.937428893356154,0.0982289397053307,0
"99.99.1",99,66464.4946134928,0,2,22.1103678188877,10.4261747203924,1855.85443188667,1.97624989039322,0.277583522717238,0
"99.99.2",99,66464.4946134928,0,3,14.5222345636243,5.36004885404003,2135.84073272617,-0.3727569866673,0.0264992119179469,0
"99.99.3",99,66464.4946134928,0,4,54.5806049186527,7.32171906292761,2043.01811929398,2.74319744326032,0.597688325659484,1
"100.100",100,54603.6864953983,1,1,28.3757805752058,8.33885658945561,2167.10366755641,3.55497194573568,0.174312294839612,1
"100.100.1",100,54603.6864953983,1,2,29.0254874989438,8.52813695851339,1918.39096484885,4.06914168354908,0.291493651327684,0
"100.100.2",100,54603.6864953983,1,3,34.2057418869815,8.63366801637886,1805.5102110452,4.60740003623733,0.499334683288182,0
"100.100.3",100,54603.6864953983,1,4,13.8596054338088,6.75530651517218,2021.58825330969,1.94544544057747,0.0348593705445213,0
"101.101",101,59343.9015445105,0,1,22.7178088880871,5.76851995432,2062.34444921102,0.192811280607648,0.16944921924855,0
"101.101.1",101,59343.9015445105,0,2,14.5955759470999,6.53911415051704,1944.40031309484,0.102551183225581,0.154824651067242,0
"101.101.2",101,59343.9015445105,0,3,23.069053859894,5.6468529871908,2009.43219950793,0.251810194814697,0.179747341173111,0
"101.101.3",101,59343.9015445105,0,4,31.1884943300456,7.94060311467248,2123.40558010723,1.26679115083949,0.495978788511097,1
"102.102",102,73853.255637348,0,1,16.3529054201309,8.68053254263916,1767.14483286126,1.35613841317229,0.231833461836166,0
"102.102.1",102,73853.255637348,0,2,35.8998267936731,10.1908203287403,2341.90329715942,2.25700094075426,0.570710345186511,1
"102.102.2",102,73853.255637348,0,3,32.8934402881734,7.54917157439758,2660.22808122398,0.882566772524582,0.144379844593239,0
"102.102.3",102,73853.255637348,0,4,20.9578497437936,5.68782793420947,2443.16159862045,-0.118149451287767,0.0530763483840834,0
"103.103",103,66299.6218230644,0,1,32.2632494238106,8.53671229448984,1863.67464478773,2.00506860570673,0.241158290414152,0
"103.103.1",103,66299.6218230644,0,2,37.4808116249384,8.35713834054297,1453.13381929027,2.81314478785116,0.541059744783501,1
"103.103.2",103,66299.6218230644,0,3,40.6109525326174,6.64262695614576,2016.25938713288,1.73369881317615,0.183843294066218,0
"103.103.3",103,66299.6218230644,0,4,27.8715172135347,4.66321764419153,2264.08196618122,0.0441701750494508,0.0339386707361284,0
"104.104",104,64786.861009034,0,1,29.0636320608895,8.14196484309087,2233.4320093807,1.16651384946798,0.105519816690502,0
"104.104.1",104,64786.861009034,0,2,29.1328586501807,8.69371659346244,1631.07596758648,2.15065748194863,0.282320345650156,0
"104.104.2",104,64786.861009034,0,3,44.4146175605504,6.5573382539411,1666.05544677698,2.37935266289824,0.354865052937521,1
"104.104.3",104,64786.861009034,0,4,41.2507189227799,7.80436422753704,2040.12339046329,2.05783752809357,0.257294784721822,0
"105.105",105,55725.7214910248,0,1,38.3440156775704,6.58616428787423,2187.82440361306,1.12002235366047,0.253298895511443,0
"105.105.1",105,55725.7214910248,0,2,27.1265920015931,8.02347286770627,2261.87949915664,0.771327052256805,0.178729751207153,0
"105.105.2",105,55725.7214910248,0,3,33.7324143416641,6.82406392792773,2244.91759368169,0.832325377472859,0.189971340329813,0
"105.105.3",105,55725.7214910248,0,4,34.032903312207,6.48298620411991,1709.60735241005,1.52034638694239,0.378000012951592,1
"106.106",106,69324.5841278662,0,1,19.5832670571068,7.16743074729582,1606.21848314,1.22629256495687,0.335896249998235,1
"106.106.1",106,69324.5841278662,0,2,12.7169548467926,6.57489202752656,1396.24406661221,0.910937158430017,0.245046239646264,0
"106.106.2",106,69324.5841278662,0,3,36.4183002765162,6.11347425331857,2151.47980931835,1.2076851043548,0.329703864711322,0
"106.106.3",106,69324.5841278662,0,4,14.7068946881958,6.5260946031364,2248.43346973083,-0.0979077249463403,0.089353645644179,0
"107.107",107,58226.4329581439,0,1,30.0168368848421,6.9877717715117,2100.75520664751,0.91902615326234,0.1724697484665,0
"107.107.1",107,58226.4329581439,0,2,32.5024782134833,7.31124271107771,1682.26266619661,1.75851771725195,0.3993001596417,1
"107.107.2",107,58226.4329581439,0,3,35.6386739030588,9.29863543243876,2470.3150249848,1.42565733582328,0.28624641547854,0
"107.107.3",107,58226.4329581439,0,4,31.8942623751481,4.96300325356977,1888.95601269098,0.724516399536195,0.14198367641326,0
"108.108",108,44980.870951178,0,1,22.6714619370288,6.70057142417059,2533.71150844871,-0.557278369534058,0.0344025596561549,0
"108.108.1",108,44980.870951178,0,2,39.8636585989546,7.94728469167124,2165.42060152417,1.41918876671211,0.248290170978922,0
"108.108.2",108,44980.870951178,0,3,47.3863376690625,9.6430313551643,2357.09319352566,2.0821443272205,0.481811841244911,1
"108.108.3",108,44980.870951178,0,4,38.8117880892544,7.63902154392324,2099.18066788832,1.36628216001052,0.235495428120013,0
"109.109",109,64296.6021956836,1,1,10.5634909867602,6.9793698752869,1980.60433157004,2.13368400937774,0.0388519034385494,0
"109.109.1",109,64296.6021956836,1,2,43.9957618540294,6.53866463560546,1696.23557948804,4.26109517647404,0.326088310982736,0
"109.109.2",109,64296.6021956836,1,3,29.4394405381373,7.62146224616243,1832.44574294259,3.85255264389205,0.216724227578375,0
"109.109.3",109,64296.6021956836,1,4,35.2491427931929,8.48358688029458,1985.86764911707,4.51021082001976,0.418335558000339,1
"110.110",110,83784.9491359115,0,1,36.2203323587106,6.72421253418092,2084.62222039551,1.76783892802018,0.21033944633555,0
"110.110.1",110,83784.9491359115,0,2,29.033139267933,7.24564211026984,1990.03423630067,1.60296168922733,0.178367387521088,0
"110.110.2",110,83784.9491359115,0,3,29.2473680235127,7.32540451621658,1946.60840327198,1.69021149028859,0.194629003276374,1
"110.110.3",110,83784.9491359115,0,4,40.191570693309,8.09391645131448,2055.04565508262,2.45139682365838,0.416664162866988,0
"111.111",111,61369.7955608741,0,1,37.1160192248624,8.66707061053703,1842.68838722075,2.2725596582727,0.208583636753247,0
"111.111.1",111,61369.7955608741,0,2,39.9026224604423,7.41874122540945,1839.21876309815,2.07006698388365,0.170348684531148,0
"111.111.2",111,61369.7955608741,0,3,53.8292669523033,6.88574399267923,1563.28858950319,3.12828904734016,0.490816085027871,1
"111.111.3",111,61369.7955608741,0,4,36.6441586369409,9.09199469831286,2253.8814410804,1.80168747812503,0.130251593687734,0
"112.112",112,79119.4648333755,0,1,32.0738115738531,7.24680117640838,2014.07971040046,1.66383871473922,0.129867280202766,0
"112.112.1",112,79119.4648333755,0,2,7.89366889424379,9.36677796819022,1974.9127299718,0.896368447047993,0.0602825538761883,0
"112.112.2",112,79119.4648333755,0,3,56.9171400324612,6.90711601357068,1777.72441556753,3.3382404186931,0.69292011016472,0
"112.112.3",112,79119.4648333755,0,4,25.1732317820369,7.92088444629053,1925.66784082928,1.55890164928336,0.116930055756326,1
"113.113",113,45731.7593756625,1,1,53.7473471509539,4.68086710863214,1673.96514328961,3.45096451901897,0.173613152994899,0
"113.113.1",113,45731.7593756625,1,2,33.7464356800499,6.83141205799389,1685.21079429418,3.52388833243028,0.186746742147434,0
"113.113.2",113,45731.7593756625,1,3,45.3843019889679,6.96730819005867,1424.31446848802,4.70617816187892,0.609137004237292,1
"113.113.3",113,45731.7593756625,1,4,28.9028967882376,5.86248187387518,2294.50963179453,1.71196329169398,0.0305031006203751,0
"114.114",114,69166.5705171319,0,1,35.1147075469813,5.44616067336655,2037.78922464359,1.07462112659529,0.170066080388235,0
"114.114.1",114,69166.5705171319,0,2,32.1395797964226,8.42223895382772,1664.96708733367,2.27671293381401,0.565821624180338,1
"114.114.2",114,69166.5705171319,0,3,28.138793006265,8.37123810089158,2349.13598112377,1.12624384332313,0.179075908613854,0
"114.114.3",114,69166.5705171319,0,4,28.7960617537751,5.05190200773031,2187.37750501074,0.381513302003257,0.0850363868175736,0
"115.115",115,77791.1080591519,1,1,40.1283433584425,7.63656819240151,2222.7146823754,4.27328653260994,0.510355838710515,1
"115.115.1",115,77791.1080591519,1,2,27.985418530285,5.33118202006737,1932.26882991715,2.51642999749738,0.0880805441473845,0
"115.115.2",115,77791.1080591519,1,3,9.623175055592,5.42339016072766,1873.1383980243,1.54228291902807,0.0332516567125778,0
"115.115.3",115,77791.1080591519,1,4,28.0411075117017,7.78811867239953,1970.58412939805,3.94710862484226,0.368311960429522,0
"116.116",116,74517.3004325007,0,1,35.3979060553627,5.97096399986042,2121.40719687127,1.2531645438266,0.222679068252408,1
"116.116.1",116,74517.3004325007,0,2,36.1645571635144,8.49021997318332,2239.97438199234,1.90615909762147,0.427830090888223,0
"116.116.2",116,74517.3004325007,0,3,36.1656781747743,7.05778539861302,2476.84074498708,1.17926967927282,0.206817490203098,0
"116.116.3",116,74517.3004325007,0,4,13.0789847913092,7.80422346367859,1847.27887875882,0.807990720975329,0.142673350656271,0
"117.117",117,71585.1429122342,0,1,33.6874205801119,6.21455995317076,1695.33057555456,1.70855688499436,0.313997948334261,0
"117.117.1",117,71585.1429122342,0,2,39.6785920994706,5.27316799758461,2030.25759968313,1.35551353009703,0.220598233045824,0
"117.117.2",117,71585.1429122342,0,3,42.7657868146766,8.37212836150413,2906.63125558712,1.3450393444013,0.218299704808528,0
"117.117.3",117,71585.1429122342,0,4,27.7503872895588,7.35710723734407,1871.41524647489,1.46898019429736,0.247104113811387,1
"118.118",118,60389.4098754194,1,1,26.781074138172,6.64139836081794,2343.70436533543,2.31964396956073,0.0772938774251415,0
"118.118.1",118,60389.4098754194,1,2,44.8783783187804,7.1038529898186,1927.07053712447,4.26461994402159,0.540551936151767,1
"118.118.2",118,60389.4098754194,1,3,13.3207195422068,8.98886251389887,1856.43702867084,3.60077798985314,0.278313664545455,0
"118.118.3",118,60389.4098754194,1,4,25.6317002308688,5.95275004806989,1786.87486333773,2.61488550120046,0.103840521877636,0
"119.119",119,57254.4348094963,0,1,34.5746207935745,5.87588733330523,1936.62661168472,1.07279484512699,0.193954659741719,0
"119.119.1",119,57254.4348094963,0,2,13.8222623461877,6.07057742093897,2492.53534126263,-0.907474693405437,0.0267719548974073,0
"119.119.2",119,57254.4348094963,0,3,32.7962786243176,4.6225130976852,2090.55401616903,0.370357500771355,0.0960805665805643,0
"119.119.3",119,57254.4348094963,0,4,48.7786402105219,8.22944220625561,2146.19873696459,2.33194755731645,0.68319281878031,1
"120.120",120,54638.0681409263,1,1,29.9593934656366,7.28855447011637,2251.62073772968,2.89769688750463,0.261742948401111,0
"120.120.1",120,54638.0681409263,1,2,27.2154597503641,7.31075796132689,2621.5224538658,2.20868667875926,0.131414007248853,0
"120.120.2",120,54638.0681409263,1,3,34.7491171403405,6.93497896847847,2232.68565262386,3.0004594125131,0.290070916920488,0
"120.120.3",120,54638.0681409263,1,4,27.2092782921269,6.23475933786384,1571.86659411442,3.08851665279377,0.316772127429548,1
"121.121",121,71764.6989565019,0,1,38.1340037407906,5.76487207933566,1689.94659936016,1.85039373908428,0.202392130644957,0
"121.121.1",121,71764.6989565019,0,2,39.044354644497,8.27778460493901,1523.16346592245,2.87276340424128,0.562604402669425,1
"121.121.2",121,71764.6989565019,0,3,30.0269166123012,4.86072299061977,1145.43596903186,1.79097863077548,0.19071724683535,0
"121.121.3",121,71764.6989565019,0,4,18.2330784225027,7.66044841294812,2387.22017833778,0.330860246972011,0.0442862198502684,0
"122.122",122,55787.880787228,0,1,16.8177927254091,5.81108252386347,1851.88283771528,0.0817528350767676,0.190625985160408,0
"122.122.1",122,55787.880787228,0,2,24.0700263434468,7.4234653218182,2118.4912033118,0.616120117520161,0.325278128983851,0
"122.122.2",122,55787.880787228,0,3,37.9738050054984,5.88896421671477,2354.48535594317,0.649664336984302,0.336374397305136,1
"122.122.3",122,55787.880787228,0,4,10.4179482534307,6.21498747597396,1846.45019162586,-0.17323181355391,0.147721488550605,0
"123.123",123,62641.63834449,0,1,11.1367484126745,9.65404887554052,1959.50970540133,0.872869139602645,0.267332849110758,0
"123.123.1",123,62641.63834449,0,2,23.462201752399,8.00242392840027,2105.07685385734,0.916960205616226,0.279383551390651,0
"123.123.2",123,62641.63834449,0,3,33.9439484798058,3.78265446358651,2067.76376654529,0.331186815231432,0.155525885424709,0
"123.123.3",123,62641.63834449,0,4,20.8643395183501,7.18961862415048,1767.70542512357,0.980654747500844,0.297757714073881,1
"124.124",124,66158.6171170263,0,1,38.8674903709606,6.32228059561416,2219.24468300198,1.25846582765517,0.186016697164195,0
"124.124.1",124,66158.6171170263,0,2,33.3336997015518,5.2950607183335,2163.69065847274,0.692626698983523,0.105635798071243,0
"124.124.2",124,66158.6171170263,0,3,28.2936038176139,7.31467883564679,1913.46521122355,1.33101158006465,0.200012965469353,0
"124.124.3",124,66158.6171170263,0,4,38.1882813653178,7.19494827402904,1633.2857267423,2.26376916102566,0.508334539295209,1
"125.125",125,97657.9300784831,0,1,33.8836516281937,6.50724014114788,2190.00007867058,1.74389972824167,0.22332319169819,0
"125.125.1",125,97657.9300784831,0,2,25.5406497278784,9.95905535100618,2428.2558967745,2.03502824122424,0.298792252844848,0
"125.125.2",125,97657.9300784831,0,3,32.3111493441816,3.62696489977516,2414.15524801681,0.556061978644116,0.068086725173552,0
"125.125.3",125,97657.9300784831,0,4,36.4751335797759,8.25732908091774,2261.7903700386,2.35094365707883,0.409797830283409,1
"126.126",126,60220.7514745681,0,1,33.5628334486205,6.56646509430614,1855.05947940432,1.39072133519792,0.221097421960391,0
"126.126.1",126,60220.7514745681,0,2,23.4198979205052,7.98477011586907,1840.59592415284,1.22785375882047,0.187867297899728,0
"126.126.2",126,60220.7514745681,0,3,38.5520220506419,6.31900344904198,1823.69457302423,1.65967578817876,0.289327099633519,1
"126.126.3",126,60220.7514745681,0,4,41.5293622555862,6.10920315633235,1876.49063930375,1.70157816796602,0.301708180506362,0
"127.127",127,73530.7985842729,1,1,32.7627455654334,4.43443050040806,2212.75568637602,1.82796858833,0.00522049666095105,0
"127.127.1",127,73530.7985842729,1,2,31.4410466246219,6.68582735759089,2076.9190260607,3.27129630572159,0.0221075739070076,0
"127.127.2",127,73530.7985842729,1,3,29.2437491922016,10.7181187020356,1443.09182410856,6.36042946710773,0.485438895995211,0
"127.127.3",127,73530.7985842729,1,4,51.6141584630279,8.48455331219405,1441.82371105566,6.3641185619034,0.48723303343683,1
"128.128",128,71169.4127434557,0,1,32.7631553213579,9.51335823374024,1993.14977187969,2.25201023338846,0.457051547145275,0
"128.128.1",128,71169.4127434557,0,2,28.4170597130006,8.37244797747106,2044.98162418431,1.58219614029628,0.233920680593192,0
"128.128.2",128,71169.4127434557,0,3,4.92082197802746,8.71639406194278,1307.75769738941,1.22537561582504,0.163720640142252,1
"128.128.3",128,71169.4127434557,0,4,14.3471823496947,8.35431462174866,1755.06583225637,1.10606370907144,0.145307132119281,0
"129.129",129,55572.1504880481,1,1,29.2232679938944,7.71308864764765,2008.26834550901,3.48075048437434,0.342961911084709,0
"129.129.1",129,55572.1504880481,1,2,32.062940448431,6.12620683900449,2438.53577455294,2.07757575154212,0.0843052939330476,0
"129.129.2",129,55572.1504880481,1,3,32.7687245886161,6.20059789401479,1396.13938150332,3.67006812683114,0.41444365772798,1
"129.129.3",129,55572.1504880481,1,4,38.2150678044862,4.59874000543707,1623.36671660541,2.70755443304544,0.158289137254264,0
"130.130",130,68930.378708146,0,1,28.0584759067954,6.99127342918001,1675.90794583453,1.58428438535632,0.240957886970298,0
"130.130.1",130,68930.378708146,0,2,42.1458879448256,8.34903351378507,2052.61882359466,2.34310361217424,0.514626503781403,1
"130.130.2",130,68930.378708146,0,3,20.7848395713042,8.54788383478911,2099.25176642428,1.05997418450013,0.142638288465554,0
"130.130.3",130,68930.378708146,0,4,17.9155727955693,7.14269905668313,1903.79323060988,0.722449507198773,0.101777320782745,0
"131.131",131,91668.2628763502,1,1,17.7101382244619,6.17855857416713,1516.301393615,3.12710779823475,0.0107510224539989,0
"131.131.1",131,91668.2628763502,1,2,37.4229702418652,11.9357761649778,1810.8342749407,7.44513568702487,0.806762036726193,1
"131.131.2",131,91668.2628763502,1,3,29.1708005766077,8.10502829687564,1831.85420400323,4.62878553195254,0.0482636454843663,0
"131.131.3",131,91668.2628763502,1,4,37.898179218205,9.1308629573187,1939.22561467489,5.65161173235943,0.134223295335441,0
"132.132",132,76772.5607961882,0,1,27.3229357844292,6.49347903899901,2486.8655543395,0.522919119711206,0.127521509624123,0
"132.132.1",132,76772.5607961882,0,2,24.0810789778719,6.94306355941811,1796.9688408686,1.31342512060495,0.281122650906347,0
"132.132.2",132,76772.5607961882,0,3,26.3164742487349,7.67291064656009,2022.87932154161,1.38811926277296,0.302924983717238,1
"132.132.3",132,76772.5607961882,0,4,11.4738317575827,9.51478346792244,1788.38049751193,1.33908945552736,0.288430855752292,0
"133.133",133,70618.4938298941,0,1,18.3038473958589,6.53278818181581,1627.93164528682,0.951824816204394,0.281709425736227,0
"133.133.1",133,70618.4938298941,0,2,15.5796535364155,8.2804235001746,2190.78436936058,0.584436448219336,0.195095223796033,0
"133.133.2",133,70618.4938298941,0,3,40.5432227197535,3.85777804851966,1684.81139610418,1.41009241733593,0.445476161369587,1
"133.133.3",133,70618.4938298941,0,4,24.026699086372,6.23911834887755,2820.56275688666,-0.335949127487436,0.0777191890981526,0
"134.134",134,63662.5475149056,1,1,37.8945985279018,5.06198638485503,2027.76888134816,2.54625930747154,0.0584674928675168,0
"134.134.1",134,63662.5475149056,1,2,45.1649060169196,8.67004407603565,2018.0760728236,5.16052729973763,0.79850315162546,1
"134.134.2",134,63662.5475149056,1,3,28.0822519089006,6.75332036757961,1980.03643669674,3.03739609901283,0.0955459911088528,0
"134.134.3",134,63662.5475149056,1,4,32.8387890635235,6.41443887698989,2553.09366201202,2.33816781165975,0.0474833643981709,0
"135.135",135,39201.2916768923,0,1,12.4893248060392,9.05364976929786,2199.17813312108,-0.0707956126312228,0.0900983033512339,0
"135.135.1",135,39201.2916768923,0,2,21.813302224802,8.67440928736004,1924.70280687561,0.81622366718155,0.2187480505704,0
"135.135.2",135,39201.2916768923,0,3,30.5621484938284,5.65296819479875,1650.14305801675,0.876210645294966,0.232271649946427,0
"135.135.3",135,39201.2916768923,0,4,32.9908690333615,7.64179973141447,1688.38167178477,1.55709614163203,0.458881996131939,1
"136.136",136,86970.0582012126,1,1,22.4060188270112,5.15733314723163,1764.50320839881,2.44434406846874,0.0252193033707014,0
"136.136.1",136,86970.0582012126,1,2,56.848589992268,6.28657746368323,2364.48452929349,4.51028639044425,0.199049199937446,0
"136.136.2",136,86970.0582012126,1,3,25.4160986090761,9.42486645572043,1943.30552726873,4.98336868353236,0.319460719667393,0
"136.136.3",136,86970.0582012126,1,4,30.6424355663004,9.17519192699566,1772.84041319605,5.33982080295454,0.45627077702446,1
"137.137",137,48090.3989361277,0,1,36.4979186715352,8.66352813320026,2237.61784336408,1.38977722106379,0.439354474847152,1
"137.137.1",137,48090.3989361277,0,2,29.73981365226,6.14364417050451,2403.55400570665,-0.0237472311367399,0.106888057458331,0
"137.137.2",137,48090.3989361277,0,3,23.5643261297289,4.17785279458667,1791.64055477861,-0.0544586131029966,0.103655273223698,0
"137.137.3",137,48090.3989361277,0,4,40.453056639633,5.23645272396376,1866.52023678729,1.1626957700871,0.350102194470819,0
"138.138",138,81099.21266316,1,1,46.155453232072,8.42883478694128,2103.58525601714,5.32544863438303,0.800863071788078,1
"138.138.1",138,81099.21266316,1,2,29.7030602895016,6.56414817075237,1998.54666903921,3.34438479503971,0.110456982501264,0
"138.138.2",138,81099.21266316,1,3,35.6226734540307,3.75608778164803,2121.90994144543,1.86804544927336,0.0252363849593257,0
"138.138.3",138,81099.21266316,1,4,29.0258750149737,6.72971876842531,2514.25955773143,2.78990935211919,0.063443560751332,0
"139.139",139,98636.5535382622,0,1,40.1645521770216,9.11535883168686,1981.88403376371,3.13557481862955,0.504010203939504,1
"139.139.1",139,98636.5535382622,0,2,18.4383260574015,7.9652029607793,1915.78931973973,1.55395037024381,0.103645048396103,0
"139.139.2",139,98636.5535382622,0,3,53.2086022399448,5.76811218470587,2145.62433826834,2.7480710124178,0.342096447509333,0
"139.139.3",139,98636.5535382622,0,4,23.9646875221166,4.68112502190246,1985.19664107801,0.82995502345841,0.0502483001550593,0
"140.140",140,48341.602585423,0,1,15.4115058556191,5.76017916154482,2188.32951845984,-0.666041378045726,0.0458239595697809,0
"140.140.1",140,48341.602585423,0,2,26.4908217280693,7.05179150698228,1932.80865457392,0.773720125161784,0.193362872549757,0
"140.140.2",140,48341.602585423,0,3,31.46708484145,8.33211055136809,2133.05681432033,1.15269847535678,0.282462823146966,0
"140.140.3",140,48341.602585423,0,4,46.2362120768023,4.09008976781462,1530.87778772963,1.67949493570603,0.478350344733496,1
"141.141",141,80526.7650306207,1,1,39.1120967677132,8.53480263291118,2004.17109749102,5.07315934131567,0.625535844075194,1
"141.141.1",141,80526.7650306207,1,2,31.4245843204579,7.00818658988203,1845.13520381489,3.88594429560019,0.190832024310069,0
"141.141.2",141,80526.7650306207,1,3,16.1051647601184,7.85466845440874,1642.83722734474,3.71636017746233,0.16106523497331,0
"141.141.3",141,80526.7650306207,1,4,21.3396225532789,4.52011665514769,1876.07923764889,1.75103479047735,0.0225668966414267,0
"142.142",142,66067.037658963,0,1,28.3671506777071,6.00001842981673,2111.59848362687,0.673908167737554,0.0855172102660158,0
"142.142.1",142,66067.037658963,0,2,55.5302611346059,6.32764871610171,2027.70288920614,2.51434773591829,0.538699129376347,1
"142.142.2",142,66067.037658963,0,3,11.3977242578159,8.56583702246354,2208.04512875634,0.296314311437685,0.0586228052548281,0
"142.142.3",142,66067.037658963,0,4,41.3105465184602,8.54226107109312,2282.26977294606,1.98459959691483,0.317160855102809,0
"143.143",143,46417.8376128177,1,1,24.7276574276608,7.65263568887251,2248.53920891836,2.62188571980269,0.0414086000342584,0
"143.143.1",143,46417.8376128177,1,2,46.6599089998742,9.40631827243583,1902.6532470574,5.52124950389326,0.752087274434734,0
"143.143.2",143,46417.8376128177,1,3,18.607993600266,6.22688320038195,1601.55314058288,2.3929095911581,0.0329342273150076,0
"143.143.3",143,46417.8376128177,1,4,31.4362323466275,8.51880579066089,1915.89950902629,4.05497752006619,0.173569898216,1
"144.144",144,47279.9851932737,0,1,19.0044905829725,6.94608995531392,2350.89663095324,-0.366193261310099,0.0208894094214329,0
"144.144.1",144,47279.9851932737,0,2,39.0351642636167,5.99898685573539,1963.55709052758,1.14306123314538,0.0944902636232487,0
"144.144.2",144,47279.9851932737,0,3,44.8377948873809,8.38507005749626,1508.81250468646,2.90153002992882,0.548378419702907,1
"144.144.3",144,47279.9851932737,0,4,49.5072100640115,9.07165049627425,2147.41496686093,2.41239529737109,0.336241907252411,0
"145.145",145,45976.9573963811,1,1,37.9760065758952,8.31737562427727,2084.54579320801,4.05830491395535,0.371981354416679,1
"145.145.1",145,45976.9573963811,1,2,48.4326625457782,6.2358948168666,1879.81899344234,3.75214223372603,0.273877533995302,0
"145.145.2",145,45976.9573963811,1,3,42.4642390866165,6.29531854876735,2052.0084508568,3.16447962396437,0.152173062232655,0
"145.145.3",145,45976.9573963811,1,4,28.6812508817598,9.066513770209,2410.8163008636,3.44757069685686,0.201968049355363,0
"146.146",146,62036.4021674455,1,1,34.770372382847,7.52923960962662,2389.75882812705,3.30676884994162,0.0713985646597644,0
"146.146.1",146,62036.4021674455,1,2,20.2800578852407,8.24436096898168,1863.11093193636,3.59300518119241,0.0950605538595757,0
"146.146.2",146,62036.4021674455,1,3,28.1479783059901,6.49194702450354,2003.19945855742,2.82036086827346,0.0438980449390261,0
"146.146.3",146,62036.4021674455,1,4,42.2096370834882,8.89155240469698,1563.77325651973,5.71007182118956,0.789642836541634,1
"147.147",147,48073.6662250615,0,1,35.4128414348235,5.78686728255671,1781.67400220938,1.1539986794785,0.540139818935262,1
"147.147.1",147,48073.6662250615,0,2,34.5735733162533,7.93802728129995,2602.47211923955,0.50198210508958,0.281409655260857,0
"147.147.2",147,48073.6662250615,0,3,19.6186896031279,5.77423755164783,2449.40290565328,-0.811895392253825,0.0756361208623544,0
"147.147.3",147,48073.6662250615,0,4,23.9548676966588,3.30613747512135,1931.22358241506,-0.504903881424294,0.102814404941527,0
"148.148",148,80318.7515946374,1,1,22.3539398624643,4.98556373398049,1792.26045640917,2.18757494323001,0.0705476631338687,0
"148.148.1",148,80318.7515946374,1,2,33.952958700135,7.20444279881524,1590.01301084948,4.4568957801049,0.682395492696142,1
"148.148.2",148,80318.7515946374,1,3,20.0949236953344,8.32438412443874,2637.81555612911,3.04335530817713,0.166013468258367,0
"148.148.3",148,80318.7515946374,1,4,35.6204139009905,4.37304687535778,2034.38891745154,2.32627090544775,0.0810433759116223,0
"149.149",149,101501.634107885,1,1,18.8358358806646,5.12286329662071,1821.81532718986,2.4094098039582,0.0152969194145113,0
"149.149.1",149,101501.634107885,1,2,48.2853045813536,9.64681899486323,2323.42020138538,6.39667874062728,0.824618124136316,1
"149.149.2",149,101501.634107885,1,3,34.605913494781,6.3491509752651,1670.12425014233,4.2408003000878,0.0954919507695119,0
"149.149.3",149,101501.634107885,1,4,22.9899638774673,7.7585501978959,2217.96925928194,3.84986447500343,0.0645930056796608,0
"150.150",150,50694.5428594723,0,1,32.4104593250122,6.20959701793402,2432.26109067158,0.176008124602553,0.170362195235482,0
"150.150.1",150,50694.5428594723,0,2,26.4754680077204,6.55212567227274,1936.9489521135,0.662195294613326,0.277026702607132,0
"150.150.2",150,50694.5428594723,0,3,33.7114795975966,7.13086630990786,2435.38428316501,0.525787031720068,0.241702018261979,0
"150.150.3",150,50694.5428594723,0,4,32.435327187603,7.01644276419851,2192.46542942277,0.777581928468025,0.310909083895407,1
"151.151",151,81816.0827121277,0,1,19.8588582733853,6.7111596834369,1796.35771433601,1.081873486129,0.0711179268955079,0
"151.151.1",151,81816.0827121277,0,2,22.0868612118053,6.29530527228439,2172.29382090424,0.646501321846608,0.0460149929513925,0
"151.151.2",151,81816.0827121277,0,3,32.9959368473956,2.42820866530192,1788.64564211332,0.594327324185972,0.0436757609749086,0
"151.151.3",151,81816.0827121277,0,4,46.3905190875156,9.80298325050055,1839.80478283102,3.54997275760177,0.839191319178191,1
"152.152",152,81535.6336150136,0,1,40.8461700867092,9.68563631236456,2232.3153819853,2.71196282592845,0.497845939368788,0
"152.152.1",152,81535.6336150136,0,2,23.7543252638191,5.34837738742115,1857.31358139836,0.829517966069625,0.0757808642771083,0
"152.152.2",152,81535.6336150136,0,3,38.2592290164749,6.74783871683505,1992.67178633394,1.95929935022611,0.234540245265856,0
"152.152.3",152,81535.6336150136,0,4,29.5143164724371,9.06291295706874,2305.70242888531,1.75829710236462,0.191832951088248,1
"153.153",153,74983.0386842518,0,1,33.013136517184,8.4974350345783,1638.32588132043,2.48183346812828,0.441621446289283,1
"153.153.1",153,74983.0386842518,0,2,32.6036149073656,8.91490242811866,2478.58816024161,1.53203202141156,0.170827045020968,0
"153.153.2",153,74983.0386842518,0,3,55.7544976372339,5.39237962276031,2612.5866379979,1.69680731849588,0.20142697507339,0
"153.153.3",153,74983.0386842518,0,4,18.1471118941278,10.865902144297,2184.34437501299,1.61779639462404,0.186124533616359,0
"154.154",154,54874.3508758449,1,1,31.0091985901286,5.29981006034451,2126.57935224105,1.95422586253435,0.0770617085133151,0
"154.154.1",154,54874.3508758449,1,2,12.2002271203238,8.13087451282493,1851.07349969203,2.92415590272111,0.203270285752385,0
"154.154.2",154,54874.3508758449,1,3,35.8983592295876,7.21191397066853,2147.28842384781,3.3647836724994,0.315817438421888,0
"154.154.3",154,54874.3508758449,1,4,40.966084717214,6.39443452305695,1849.40534911895,3.6106642790213,0.403850567312412,1
"155.155",155,68208.2109005401,0,1,44.4566224110115,6.43087630272847,2086.45094547548,1.8468892057545,0.295399352922258,0
"155.155.1",155,68208.2109005401,0,2,10.7485474816288,5.5129047812035,1794.01219752766,-0.0655764885254653,0.043635126746156,0
"155.155.2",155,68208.2109005401,0,3,34.1276949719403,9.43398969363521,2236.52113580915,1.93030738793654,0.321097996556672,0
"155.155.3",155,68208.2109005401,0,4,45.9336995138365,7.13426984164413,2207.41065228911,1.98711693189956,0.339867523774914,1
"156.156",156,65794.0699724463,0,1,25.859841369577,7.38882692382157,2372.8997024154,0.583666445073449,0.208768203024604,1
"156.156.1",156,65794.0699724463,0,2,27.8784946791805,7.31444924959155,2594.66291372875,0.384852961178604,0.171127873648162,0
"156.156.2",156,65794.0699724463,0,3,29.6346277779526,6.4372438704087,1806.06744961426,1.28540121012003,0.421137475325202,0
"156.156.3",156,65794.0699724463,0,4,33.6501875143304,5.29896813286743,2289.8567876682,0.53557809253087,0.198966448002031,0
"157.157",157,78444.8429983072,0,1,36.6515987574597,7.38058946452594,1571.81976587144,2.5026447806167,0.552631185607422,1
"157.157.1",157,78444.8429983072,0,2,43.1782088371148,3.85954082506161,1862.75487240559,1.48428016803607,0.199602169416871,0
"157.157.2",157,78444.8429983072,0,3,29.0451240955501,4.87214958574658,2283.64000538254,0.428470127560767,0.0694436888766666,0
"157.157.3",157,78444.8429983072,0,4,31.9627804547247,5.38540495759243,1778.48325488928,1.37155020183173,0.178322956099041,0
"158.158",158,64413.4186584426,0,1,54.8799787722146,5.38198170599147,2103.69220996337,2.05506888869232,0.328516355921648,0
"158.158.1",158,64413.4186584426,0,2,34.3109892811499,7.16078322485062,1729.86659183142,1.86142735069025,0.270682105095997,0
"158.158.2",158,64413.4186584426,0,3,31.8875310932983,9.39773132248711,1888.89478876548,2.17148339311808,0.369075463339492,1
"158.158.3",158,64413.4186584426,0,4,16.5775687471655,4.72701378390255,1987.76092206498,-0.282378819470632,0.0317260756428628,0
"159.159",159,84654.6008002843,0,1,30.0285604762223,7.65051403089492,1816.30437007819,2.00184431149325,0.286637756444817,0
"159.159.1",159,84654.6008002843,0,2,27.7867384683312,8.34931712998156,1416.24437305509,2.53842672135043,0.490194208147614,1
"159.159.2",159,84654.6008002843,0,3,29.8895417019063,5.51570169656669,2072.92889885827,1.05705489757004,0.111433704095107,0
"159.159.3",159,84654.6008002843,0,4,24.2458235872883,6.92080089771628,2142.47002862136,1.05974907730462,0.111734331312463,0
"160.160",160,64381.2871334948,0,1,23.131843475573,8.23541635393308,2041.01437221834,1.09053809369141,0.235784152425979,0
"160.160.1",160,64381.2871334948,0,2,22.7922636817988,6.61673634617892,1853.37568229351,0.839032479854339,0.183352616385999,0
"160.160.2",160,64381.2871334948,0,3,27.8549548460023,6.66897347912318,2270.06109717813,0.593361693220841,0.143414692013119,0
"160.160.3",160,64381.2871334948,0,4,43.6813264802863,7.46159018681593,2323.26069801843,1.70858038967598,0.437448539174903,1
"161.161",161,85790.67198369,0,1,40.4908662655933,6.90998012000009,1287.89874318502,3.03154551181351,0.609681707130813,1
"161.161.1",161,85790.67198369,0,2,26.4002488205694,6.16652066509117,2337.37245125873,0.764473758940564,0.0631722597332967,0
"161.161.2",161,85790.67198369,0,3,13.1408354546126,6.79207747080866,1466.13567585395,1.15160966531918,0.0930373646507774,0
"161.161.3",161,85790.67198369,0,4,21.5541657146405,9.82425968857971,1896.63489126937,2.07439388521072,0.234108668485113,0
"162.162",162,54262.344900009,1,1,25.4223946675949,8.31050301940904,1667.24806587222,4.081837255799,0.505775861287208,1
"162.162.1",162,54262.344900009,1,2,31.036380042283,5.62810439075857,1810.96826512307,2.59978275279677,0.114897348300716,0
"162.162.2",162,54262.344900009,1,3,23.3739272429919,5.13262356650302,2395.06513061727,0.991498015002174,0.0230059842868438,0
"162.162.3",162,54262.344900009,1,4,50.0668069083189,6.46002663897609,2160.35401648522,3.73157511240075,0.356320806125232,0
"163.163",163,51097.6713286283,1,1,27.2773246558165,8.99316205142198,2148.16942572256,3.83386241149484,0.43286926286336,1
"163.163.1",163,51097.6713286283,1,2,17.8605552976049,7.43901867762543,1376.60227059656,3.4852516869703,0.30546189001016,0
"163.163.2",163,51097.6713286283,1,3,28.5873824271749,5.94774214473901,2058.89760282247,2.21814175691219,0.086031636465712,0
"163.163.3",163,51097.6713286283,1,4,19.9462241840659,8.32335185172703,2188.64094616217,2.93184722698956,0.175637210660769,0
"164.164",164,118615.599024136,0,1,31.5615570727533,6.79994441691566,2258.28414301809,2.0957857273117,0.210288380612276,0
"164.164.1",164,118615.599024136,0,2,32.3363361408987,5.31898225106287,1708.02579485743,2.14580828211482,0.221075082690139,0
"164.164.2",164,118615.599024136,0,3,33.5558761162838,7.69178868131768,2281.2629156092,2.46429701281926,0.303988877997604,1
"164.164.3",164,118615.599024136,0,4,13.7814174087579,9.28621421526822,1581.43826651142,2.32570524910253,0.264647658699981,0
"165.165",165,63747.1361775935,0,1,32.2071129097065,7.65170244719924,2521.6229056629,0.792154084974682,0.143679148299819,0
"165.165.1",165,63747.1361775935,0,2,33.1045008054165,7.28800055670839,1760.40971292694,1.77406156646675,0.383557735462891,0
"165.165.2",165,63747.1361775935,0,3,15.7889155249551,6.01563530737441,2229.5073160308,-0.28574204351241,0.0488955577253481,0
"165.165.3",165,63747.1361775935,0,4,39.5536563973041,7.85259779630429,2095.37340354063,1.87399245263239,0.423867558511942,1
"166.166",166,74473.4138731107,0,1,37.8417087909434,5.39414419766442,1680.91984471613,1.77874449015436,0.327160966133915,0
"166.166.1",166,74473.4138731107,0,2,52.9961936115445,4.52027646327866,2343.27759682058,1.59441818491118,0.272088123073282,1
"166.166.2",166,74473.4138731107,0,3,31.5670298737573,6.93497084725937,2010.01305278822,1.45141228073333,0.235832095373159,0
"166.166.3",166,74473.4138731107,0,4,30.46733527518,6.94810974130144,2245.52233245435,1.09374551425439,0.164918815419644,0
"167.167",167,79548.5451105077,0,1,30.9658583408244,10.5475832980042,2065.45762574666,2.53435272951291,0.712329675969926,1
"167.167.1",167,79548.5451105077,0,2,30.697662309003,5.17547903816215,2260.54917572297,0.671639079338078,0.110589724966674,0
"167.167.2",167,79548.5451105077,0,3,11.5152722466233,7.25635948502357,2006.50415626942,0.450960731659818,0.0886901499796853,0
"167.167.3",167,79548.5451105077,0,4,13.2887294135776,8.20757964043329,2334.5685949079,0.447575818984893,0.088390449083714,0
"168.168",168,62743.2906143688,1,1,29.224610332088,8.57588926617383,1894.34574052666,4.29889355179581,0.702490396651124,1
"168.168.1",168,62743.2906143688,1,2,24.189326194335,6.98391327301101,2158.18649547464,2.67945176937314,0.139099561768211,0
"168.168.2",168,62743.2906143688,1,3,30.5473652505743,5.88511578785612,2113.57145667318,2.46289275580457,0.112014792097756,0
"168.168.3",168,62743.2906143688,1,4,8.88791626739469,6.90132392219502,2253.15793312951,1.58145889308582,0.0463952494829085,0
"169.169",169,77752.9306647041,0,1,15.0130174547324,9.90963398790574,1813.68725151294,1.65649173177322,0.35779187923748,1
"169.169.1",169,77752.9306647041,0,2,18.9851656106126,7.72410851226375,2053.30744936036,0.946234309029526,0.175861024870885,0
"169.169.2",169,77752.9306647041,0,3,39.8605822106025,3.93328439116289,1825.95047626045,1.33944930524274,0.260579773852634,0
"169.169.3",169,77752.9306647041,0,4,19.0150999290988,9.13518869297537,2272.59134772003,1.1032862830833,0.205767322039001,0
"170.170",170,75534.4679107763,1,1,22.0048604642347,7.81075399137262,1808.99408615748,3.75516990787916,0.378621829536015,1
"170.170.1",170,75534.4679107763,1,2,30.7987381867405,6.94964234224371,2519.67160891302,2.88158702161596,0.158056886508947,0
"170.170.2",170,75534.4679107763,1,3,26.7725363817489,6.97320456833485,2237.11148061173,3.00584221613334,0.178968570019596,0
"170.170.3",170,75534.4679107763,1,4,31.4641717866796,6.7753154203099,1995.88760634385,3.46884743024797,0.284352713935442,0
"171.171",171,66769.2923853746,0,1,53.0506198204569,7.38483922143288,2361.85894256175,2.25176757362295,0.638654144508,1
"171.171.1",171,66769.2923853746,0,2,18.7539632874176,6.24419960044448,1974.62271795852,0.36769385752311,0.09705611795652,0
"171.171.2",171,66769.2923853746,0,3,26.945303600902,7.41551687749001,2168.97868449081,0.951627629943622,0.174029203140176,0
"171.171.3",171,66769.2923853746,0,4,24.8324055025627,5.60296596276889,2158.45832000453,0.295104825675636,0.0902605343953043,0
"172.172",172,70979.3955028797,1,1,45.1239542683245,7.30022031291213,2126.9115297231,4.34341533107906,0.168972819513196,0
"172.172.1",172,70979.3955028797,1,2,22.3051507710972,8.66025613099967,1820.97073108727,4.18503527990121,0.144222582720511,0
"172.172.2",172,70979.3955028797,1,3,29.1791309622428,7.7638091704807,1624.74671671964,4.3127753245642,0.163874003988269,0
"172.172.3",172,70979.3955028797,1,4,37.8713361432271,8.55062451467667,1495.51978706785,5.47312620775064,0.522930593778024,1
"173.173",173,69488.991193923,0,1,19.414094640516,5.36369685729607,1863.11109229962,0.34238965388163,0.0745653914042279,0
"173.173.1",173,69488.991193923,0,2,46.5517581574201,7.0821891767089,2204.83795766074,2.04020598137554,0.407276699118539,0
"173.173.2",173,69488.991193923,0,3,36.7576241547425,7.92587545408309,1928.28875494915,2.06659097873119,0.418165715372194,1
"173.173.3",173,69488.991193923,0,4,19.2579339046965,5.39799269840007,1638.99471995962,0.635805300504176,0.0999921941050396,0
"174.174",174,101926.778485243,0,1,34.5457780905774,9.34872150558769,2646.94328058502,2.28142059017281,0.426831069288788,1
"174.174.1",174,101926.778485243,0,2,27.8669285676693,5.44778798352211,2210.60282691458,1.13834270186537,0.136089182481969,0
"174.174.2",174,101926.778485243,0,3,33.1322877199433,7.24677806275876,2583.98543007969,1.62777292727312,0.222014045918792,0
"174.174.3",174,101926.778485243,0,4,29.1002480298434,7.22774849553262,2363.91090611639,1.59597585108336,0.215065702310451,0
"175.175",175,58879.9585559076,1,1,40.7051603677834,7.18250545295028,1816.58626449065,4.18824560452028,0.5040583802067,1
"175.175.1",175,58879.9585559076,1,2,16.4889961429667,6.6843631245348,1876.42363902596,2.35194782623869,0.0803501787501431,0
"175.175.2",175,58879.9585559076,1,3,24.7738330280408,7.67490518071931,1567.79570651909,3.8788991393156,0.36994177555923,0
"175.175.3",175,58879.9585559076,1,4,27.508093222446,5.45325326215381,2222.1420359329,1.78654978858393,0.0456496654839273,0
"176.176",176,53560.05599388,1,1,20.0420127514867,5.06595371766517,2487.0977756682,0.599988405622331,0.0207793509211784,0
"176.176.1",176,53560.05599388,1,2,19.6004495623381,6.01814704283013,1723.85453657822,2.26250358132626,0.109560282746824,0
"176.176.2",176,53560.05599388,1,3,29.8201975942334,6.91401384422833,1639.34070595425,3.53697055032207,0.391874601364905,1
"176.176.3",176,53560.05599388,1,4,28.6782486714327,8.88512173053557,2264.80342050934,3.73519109776473,0.477785764967092,0
"177.177",177,70566.8259875662,0,1,4.50657225249568,9.38118120979681,1545.05628931978,1.08493330254346,0.0769877865747668,0
"177.177.1",177,70566.8259875662,0,2,40.4057345571938,7.47922219381712,2576.48346733056,1.33328640190521,0.0986916055551305,0
"177.177.2",177,70566.8259875662,0,3,32.4972573598519,7.57238743403972,2171.64073334187,1.41072814249175,0.106638182596735,0
"177.177.3",177,70566.8259875662,0,4,54.1620737314833,6.63453267454083,1485.53148384843,3.31731367575221,0.717682425273367,1
"178.178",178,74657.211241647,0,1,36.851982380511,7.07207962607955,2106.47566871973,1.69242748296505,0.0625972945857209,0
"178.178.1",178,74657.211241647,0,2,25.5304069103801,4.89318120834731,2031.5545597433,0.453371636797269,0.0181317802495652,0
"178.178.2",178,74657.211241647,0,3,57.973911469581,7.43490059334365,1259.4759400446,4.13024259918557,0.716613881422657,1
"178.178.3",178,74657.211241647,0,4,58.3222602391551,6.19666962655938,1987.44259090281,2.86722053390827,0.202657043742057,0
"179.179",179,76547.8521836528,0,1,17.8128818370982,7.50201815965082,1823.82176963989,1.06783121115858,0.192706498174698,0
"179.179.1",179,76547.8521836528,0,2,34.6903195595542,6.48102799126825,1733.81090217282,1.88530077314739,0.436434304394693,1
"179.179.2",179,76547.8521836528,0,3,27.8875308136785,6.00757639774533,2071.6150459252,0.918071499463035,0.165903880060811,0
"179.179.3",179,76547.8521836528,0,4,31.8705114655401,6.67133293479693,2255.26709068814,1.12945490592173,0.204955317369798,0
"180.180",180,63124.5200093334,0,1,32.2754272856881,6.44964263404944,2518.10264996422,0.424753338559906,0.0541428095281621,0
"180.180.1",180,63124.5200093334,0,2,17.3809953713095,8.64186731176355,1210.24770617138,1.97888755890953,0.256149023190245,0
"180.180.2",180,63124.5200093334,0,3,32.8558958024256,7.31381212365569,2223.08339834299,1.12264131316746,0.108800197666425,0
"180.180.3",180,63124.5200093334,0,4,47.492473631418,7.64873713922982,1714.29466659941,2.79772050629168,0.580907969615167,1
"181.181",181,54050.1079904321,1,1,28.359099958652,5.13871962129884,2346.89904961415,1.35948114181299,0.0292430811628001,0
"181.181.1",181,54050.1079904321,1,2,28.3707328930155,9.24523256444203,2103.75850224735,4.17895025007403,0.490346415886815,1
"181.181.2",181,54050.1079904321,1,3,43.9857200633747,7.23905566174114,2433.48715161813,3.4309047309938,0.232076392024745,0
"181.181.3",181,54050.1079904321,1,4,38.9839624068295,5.71557789489512,1555.171608273,3.49861319850893,0.248334110925641,0
"182.182",182,88947.7776413424,1,1,13.5150518161872,7.46356996817023,2148.38938928865,2.90321092815073,0.0281521781981206,0
"182.182.1",182,88947.7776413424,1,2,32.2855697326219,8.30565104476732,2088.54780141039,4.60114606232858,0.153785667578618,0
"182.182.2",182,88947.7776413424,1,3,46.5354723467773,4.92448429254766,2314.35867377583,3.17667217575682,0.0370062189208288,0
"182.182.3",182,88947.7776413424,1,4,44.1527634991914,9.53516045504584,1930.6494474095,6.2262329656756,0.781055935302432,1
"183.183",183,64755.2441806967,1,1,34.1995160381423,6.76295394223246,2343.20505377862,2.94068137429954,0.0965767275191196,0
"183.183.1",183,64755.2441806967,1,2,37.2122080711289,8.68175617097297,1866.51173735724,4.91742694532409,0.697207706627225,1
"183.183.2",183,64755.2441806967,1,3,18.0306478781132,7.10839197863337,1871.22877883207,2.81613526711485,0.0852673563558045,0
"183.183.3",183,64755.2441806967,1,4,33.0013156688137,6.50136573314991,2007.61379043674,3.16570601134795,0.120948209497851,0
"184.184",184,57017.3070601994,0,1,20.4555106481218,4.2476199300597,1679.22434828531,0.100616424226063,0.163889030827464,0
"184.184.1",184,57017.3070601994,0,2,25.4198193190306,5.34974167211921,1863.02850774971,0.466303330160874,0.236246668204903,0
"184.184.2",184,57017.3070601994,0,3,39.356036837796,6.93798955012385,2333.00114854472,1.10697120679919,0.44833662263638,1
"184.184.3",184,57017.3070601994,0,4,18.6310688830886,8.24177881767571,2495.54861129172,0.0221951702413319,0.151527678331253,0
"185.185",185,66455.8064658836,1,1,32.6691825087306,4.17748201876814,2334.27640388851,1.34934956335464,0.014305564871187,0
"185.185.1",185,66455.8064658836,1,2,34.2833203947154,9.06316166848637,1872.54044744343,4.99422718563629,0.547589673601428,1
"185.185.2",185,66455.8064658836,1,3,30.5491196983963,9.09848569645446,2095.54396566189,4.49356131068045,0.331908842596617,0
"185.185.3",185,66455.8064658836,1,4,48.2218882183542,5.28502561613359,2029.54689468342,3.35398662987972,0.106195918930768,0
"186.186",186,67042.3615847717,0,1,19.7765267142475,7.70845084328967,1622.29175811926,1.34216604604149,0.214895593231098,0
"186.186.1",186,67042.3615847717,0,2,36.061302614356,5.44954117996868,2077.22246334221,1.03671457896152,0.158333066518842,0
"186.186.2",186,67042.3615847717,0,3,29.1106943254933,6.81220003196757,1752.71200169846,1.45993718344133,0.241754665908835,0
"186.186.3",186,67042.3615847717,0,4,27.3916775616608,8.39299410827002,1681.81273431586,1.92530039206771,0.385016674341225,1
"187.187",187,86648.8043457046,0,1,34.6409123385238,8.30250947154816,2217.65163840977,2.05547293419133,0.497837532946735,1
"187.187.1",187,86648.8043457046,0,2,19.7959940931607,5.72623809454978,1787.6204338681,0.879341938404585,0.153567896076232,0
"187.187.2",187,86648.8043457046,0,3,16.8654908348159,6.42004531828665,1956.78537484712,0.719903426797361,0.130935426912292,0
"187.187.3",187,86648.8043457046,0,4,25.0551912451658,5.53575464350425,1707.88532693557,1.22812942927548,0.21765914406474,0
"188.188",188,71271.059382958,0,1,47.5175714975545,7.50931548985737,2016.78332775594,2.50766512444913,0.493278440779318,1
"188.188.1",188,71271.059382958,0,2,30.5576477461252,4.66138725334934,2147.70396594515,0.467158477820929,0.0641078714923818,0
"188.188.2",188,71271.059382958,0,3,33.3143439822789,3.05601183767296,2150.76357640007,0.147009023161599,0.046544912279173,0
"188.188.3",188,71271.059382958,0,4,28.1015336232246,9.20471842280929,1677.42260683118,2.28817919279171,0.396068775449127,0
"189.189",189,81310.8067777678,1,1,34.7049273195383,10.4102093694921,2377.41267500797,5.5066893373375,0.565686162971693,1
"189.189.1",189,81310.8067777678,1,2,20.4832045698285,6.31744968964176,2447.89151391332,2.11407939915556,0.0190188292930186,0
"189.189.2",189,81310.8067777678,1,3,41.5791046656864,8.14165373064234,2111.87312792322,4.87317334091739,0.300222373664792,0
"189.189.3",189,81310.8067777678,1,4,35.8470526024135,6.98874582443542,2047.2438643653,3.91421342489923,0.115072634070497,0
"190.190",190,62510.6197424161,0,1,21.935471773083,9.21147069957399,2023.20287099632,1.29788042757068,0.264556150292008,0
"190.190.1",190,62510.6197424161,0,2,30.5455324581199,7.83121589885407,2077.26378378192,1.32607961450641,0.272122601116573,0
"190.190.2",190,62510.6197424161,0,3,37.1633161949912,7.30549594767423,2112.92707661679,1.51639741306663,0.329168738644281,1
"190.190.3",190,62510.6197424161,0,4,35.577309820546,4.30129532235119,2041.04708568445,0.61880419706509,0.134152509947137,0
"191.191",191,73216.679643724,0,1,44.8193401587688,8.62443352119663,2196.14695127442,2.49214244115628,0.501275633140461,0
"191.191.1",191,73216.679643724,0,2,23.8701224510515,6.47371957742972,1899.26943728674,0.966366365187917,0.109003505229373,0
"191.191.2",191,73216.679643724,0,3,41.1613661549039,4.89476487292746,2338.80347855065,0.972898724457875,0.109717886042961,0
"191.191.3",191,73216.679643724,0,4,40.3654800994122,6.69730500263,1988.69515646881,1.90978655561813,0.280002975587204,1
"192.192",192,65129.7113276375,0,1,28.3751686809715,6.80983276031155,1473.29179503915,1.75842705199622,0.490212087226154,1
"192.192.1",192,65129.7113276375,0,2,20.2407330717812,8.58881030899923,1970.08388918498,1.13402924857515,0.262549681009603,0
"192.192.2",192,65129.7113276375,0,3,19.1085480911548,5.24890595160401,2134.10613579616,-0.157090434972394,0.0721913795218084,0
"192.192.3",192,65129.7113276375,0,4,34.5778695794497,6.16353455902233,2369.00950185011,0.728642588652741,0.175046852242434,0
"193.193",193,71418.7529226036,1,1,29.2887326627911,9.23217989257474,2018.06312978453,4.70178115622622,0.104972613832319,0
"193.193.1",193,71418.7529226036,1,2,47.7910266685145,9.03799865315505,1417.9792394987,6.46700540255789,0.613342643736579,1
"193.193.2",193,71418.7529226036,1,3,35.351379604962,8.74482181585354,2001.44952977761,4.79448710079711,0.115169555719154,0
"193.193.3",193,71418.7529226036,1,4,26.280551248365,9.49228591802182,1640.23642340976,5.16316817747704,0.166515186711948,0
"194.194",194,56569.5496303369,0,1,19.7445775150289,7.30604646974484,1707.16828890508,0.927889426480563,0.190914153724915,0
"194.194.1",194,56569.5496303369,0,2,24.1759832539475,6.12717446969534,1692.31188462951,0.86142077836201,0.178636894267435,0
"194.194.2",194,56569.5496303369,0,3,33.4288839289733,7.83280609279513,1760.23192264623,1.83086628937487,0.4709729837207,1
"194.194.3",194,56569.5496303369,0,4,25.4906535294335,8.58808468873889,2341.13872716701,0.747958798233439,0.15947596828695,0
"195.195",195,50337.9770000804,0,1,35.1423012023069,10.6204499072066,1750.54133013685,2.67477747616788,0.748421780030825,1
"195.195.1",195,50337.9770000804,0,2,26.6566194783022,4.05252650093322,1868.28116781411,0.0190477279009764,0.0525748015952811,0
"195.195.2",195,50337.9770000804,0,3,28.9444009120552,7.40985355460023,2055.25203842008,0.883688342656813,0.124820607011764,0
"195.195.3",195,50337.9770000804,0,4,22.6949032719217,7.98219187430447,2267.11388767376,0.363343250601975,0.0741828113621305,0
"196.196",196,99958.2007712195,1,1,49.050435849087,6.91810201695943,1799.9884969775,5.2931464828335,0.52835674541742,1
"196.196.1",196,99958.2007712195,1,2,33.3262173147039,4.66326662727233,1752.132840839,3.04466779639195,0.0557731752388545,0
"196.196.2",196,99958.2007712195,1,3,32.3063364049945,8.11225133812937,1844.41528333585,4.9605447524775,0.378861225878623,0
"196.196.3",196,99958.2007712195,1,4,13.0813758511593,5.83137138810412,1648.48439022999,2.63453193994036,0.0370088534651021,0
"197.197",197,79010.6323550863,0,1,36.5979189954933,7.75879224824577,2276.01000484094,1.7697827018113,0.228377280801239,0
"197.197.1",197,79010.6323550863,0,2,19.7637641112029,8.36132755902678,1345.41255977032,2.06641796609885,0.307241556141803,1
"197.197.2",197,79010.6323550863,0,3,21.084784256457,8.92593551571189,1841.69237679353,1.71461574945391,0.216119619716258,0
"197.197.3",197,79010.6323550863,0,4,39.1834117102165,4.66320430392165,1567.65799337184,1.85326650077395,0.2482615433407,0
"198.198",198,51230.9295756258,0,1,25.4729935349177,8.62261277226868,1412.96456474307,2.0131091953816,0.700438051534985,1
"198.198.1",198,51230.9295756258,0,2,12.5162771999682,5.86452796458097,2008.59745912378,-0.477836747133661,0.0580183874155981,0
"198.198.2",198,51230.9295756258,0,3,47.6990410988936,5.06647078922656,2461.47069839683,0.719976625928262,0.192207084860405,0
"198.198.3",198,51230.9295756258,0,4,6.22593074607479,8.97148099887915,2490.39210643995,-0.639933042244466,0.0493364761890121,0
"199.199",199,60832.5112497937,1,1,35.7281152985959,8.71938995989746,1831.16713749417,4.82693157378455,0.548110979920299,1
"199.199.1",199,60832.5112497937,1,2,40.1724924908461,6.6361250984425,1790.91328744453,3.89965556068595,0.216849111169831,0
"199.199.2",199,60832.5112497937,1,3,23.6903213333947,8.13931105935752,1838.53210895852,3.74636694971441,0.186030969115891,0
"199.199.3",199,60832.5112497937,1,4,34.4428705141155,5.70951138786541,2213.03306953516,2.41245651548249,0.0490089397939783,0
"200.200",200,52217.7987310403,0,1,34.3913038838855,6.77345263142193,1231.49091110599,2.27558964560011,0.446919476481399,1
"200.200.1",200,52217.7987310403,0,2,40.4062315291451,6.85941514935869,2074.31014232669,1.41673724708065,0.1893365345542,0
"200.200.2",200,52217.7987310403,0,3,34.8409938795252,6.57888991824399,1878.33788569773,1.28827753349177,0.166511824376957,0
"200.200.3",200,52217.7987310403,0,4,27.5511622090748,8.10114810474586,1776.81845094467,1.45759274460918,0.197232164587444,0
